date,open,high,low,close,volume
2017-01-02,100.28321785018407,100.44838872777434,99.18063402523343,100.28919101658636,1012780
2017-01-03,99.56906376205201,100.01733858948282,98.4457025520957,99.50302540435415,1896251
2017-01-04,100.10152439299902,101.29407071080334,99.88665090218264,100.14725565026892,1217745
2017-01-05,100.88704400613595,101.71366880165085,100.35847603974926,100.9490745264352,1756894
2017-01-06,99.44417356697322,99.93007944072215,98.52780208387216,99.43039936861281,1927324
2017-01-09,98.1606013367863,98.53752946192297,97.75863099653819,98.44425604566283,940062
2017-01-10,98.6598898693046,99.39028311632487,97.7880850022397,98.58934399891805,1196563
2017-01-11,98.3844140144273,98.53807166152195,98.06691344864336,98.3844971144682,1489125
2017-01-12,98.42141094110666,99.08469810573486,98.00030440262071,98.41555125065487,1838619
2017-01-13,97.93113674416699,98.82695504511875,96.77368765612495,97.79021112800062,1024676
2017-01-16,98.23633363861087,99.05413540974004,97.90421094543123,98.52493517386766,1024115
2017-01-17,98.89086398770517,99.57563225926592,97.74474587137503,99.1845246488819,1242060
2017-01-18,99.32237447062359,99.4261582759341,98.88228984843529,99.28159894528197,1045493
2017-01-19,100.22498416103811,100.30472609909972,100.14775346796225,100.22605410249884,1120509
2017-01-20,100.6725814807864,101.22077444754954,100.30153405926323,100.64688981071177,955817
2017-01-23,99.93305181036676,101.06824486495174,99.68633141228244,100.00237251624861,1794717
2017-01-24,100.44295470269584,100.77509162634897,99.70793844534514,100.34295988157369,1756050
2017-01-25,99.76035271182323,100.46881465510818,99.4420444284454,99.62098710859135,973341
2017-01-26,100.44157034205033,101.28221776513399,99.59591024928717,100.36870532768218,1444094
2017-01-27,100.33451287237553,100.49418609819381,99.27484603728637,100.37378338115084,1575415
2017-01-30,99.95355321710498,100.49723909564806,99.48687336153382,100.27056201628275,1553063
2017-01-31,99.88583714940658,100.31631345612846,99.52750856820619,99.77071627821208,1980673
2017-02-01,100.98136175702271,101.81002203204172,100.28255068447692,100.79664253555644,1569518
2017-02-02,100.81480114144645,101.37421277365114,99.75671867132277,100.71742374738186,1624465
2017-02-03,100.28557374536265,101.3161349856595,99.55327762976857,100.41807173992797,839441
2017-02-06,100.28190814211477,101.33259934497244,100.0140412417053,100.18065639516524,895080
2017-02-07,100.78338954040782,101.7127415137224,99.9813377429309,100.65346659308882,1542718
2017-02-08,101.22974545073698,102.43547704399839,100.39945623637388,100.99359975440565,1889419
2017-02-09,101.24000426449835,102.30334017892592,100.80854053112876,101.37322539773128,1278843
2017-02-10,101.734434567832,102.81723057334347,101.55468540210997,101.7690036539949,1571695
2017-02-13,103.69034814463633,104.73473942987951,102.35385756594216,103.57425093022891,1052086
2017-02-14,103.29340666767024,104.21251721212879,103.02377074760085,103.28451231082492,1347573
2017-02-15,102.73594917915013,103.90876686662114,102.45686253048197,102.90842281108571,1701543
2017-02-16,102.35027951870943,103.50160318925609,102.06427317813935,102.28666494316967,1591630
2017-02-17,102.92749037121555,103.54144099949352,102.11247557535111,102.83822756604253,937030
2017-02-20,103.83165247246829,104.64572385781713,103.23634532601139,103.81795428054377,1854853
2017-02-21,103.80422458887207,104.47083526400702,103.42034961930273,103.77004508218282,1912561
2017-02-22,103.08129616634308,104.18211455709576,102.52070205061096,103.1213133048554,1372552
2017-02-23,102.71675082644082,103.27764955556862,101.64441153652184,102.48948874791827,1208901
2017-02-24,102.93142965952684,104.09385010767073,102.54651180260255,103.07068209612771,1437585
2017-02-27,103.64065242221609,104.73746922516958,102.49798039842862,103.73203839208331,1761639
2017-02-28,104.2323698753859,105.43747224112579,103.81133432473234,104.23065233452408,1342936
2017-03-01,103.86061287321633,104.20985332804254,103.43560540441425,103.72386011628949,836162
2017-03-02,103.72994936832492,104.86384595924682,102.53938573775615,103.96345750623507,887109
2017-03-03,103.90277172381712,105.0656532741144,102.88229615647882,104.10738908413238,1773888
2017-03-06,104.0177116355135,105.51220812511065,103.55524028880473,104.33662621196298,1744484
2017-03-07,105.11898871195177,106.2678738543416,104.04414624688295,105.11383363125006,1726441
2017-03-08,105.17270304653671,106.09693417521805,104.49261807994395,105.34942235432399,951694
2017-03-09,105.90971374484155,106.72961933548699,105.43442762291104,105.9708403923389,1004811
2017-03-10,106.1811049722814,106.43847195083505,104.998613537616,106.07587057137687,1273484
2017-03-13,106.2669979773448,107.61516419874403,105.29466575650633,106.36935870903599,1077025
2017-03-14,106.99314019201589,107.36041563220397,106.5361722746076,106.9560346799478,1264187
2017-03-15,105.71655519013791,106.69841287625546,104.92613334102202,105.76404397159465,1470170
2017-03-16,105.64779853460159,106.6674733228078,105.04028548101057,105.54139471127056,1136048
2017-03-17,105.26728634816213,105.85404391828573,105.13844787326249,105.19231661502239,948178
2017-03-20,104.59448225544953,105.00980075065269,103.38527789010742,104.70315371567698,1283008
2017-03-21,104.49352327216906,104.79935099277412,103.78080070603868,104.5199644850827,1667102
2017-03-22,105.99077077388785,107.08774387922838,105.04389126041205,105.82508941630067,1541610
2017-03-23,105.20395279675365,105.87449118836109,104.36399333261215,105.14191220222169,1185756
2017-03-24,105.78508835465533,106.17010852775635,105.06232477125606,106.00722045188374,1173664
2017-03-27,104.73959215189035,105.655615710101,104.23535031928124,104.63668959654933,1500424
2017-03-28,104.23384973320258,104.75627366599193,103.01711493054358,104.40370578567786,1007014
2017-03-29,104.80837926913856,105.91709886317419,103.78678012864937,104.58678397018393,1800376
2017-03-30,105.28720940386253,105.71468342736902,104.26205029754192,105.12572071093625,1843241
2017-03-31,105.81915163255847,106.11577483574895,105.16706593620131,105.77315847898087,830499
2017-04-03,106.51964050125005,106.67684986686182,106.08873646217735,106.49452384605802,1964999
2017-04-04,106.21232603292155,106.92376345558142,106.08062133654661,106.2456391813983,828105
2017-04-05,106.00881149372653,106.6113106932453,105.42154442444648,105.90102691886305,1350300
2017-04-06,106.61907489481297,107.65345612622897,106.34984888986614,106.67840593092126,1600788
2017-04-07,106.60086375477661,107.22372511327502,105.69855364628714,106.56320913269109,1192423
2017-04-10,105.66670822210271,106.13733544542372,104.40918129721409,105.52868708871321,1044348
2017-04-11,104.53515942866441,104.99045308439584,104.1189337841432,104.62332653284176,856978
2017-04-12,103.80728994585994,104.2876326022801,103.35799640392261,103.90332665918234,1672873
2017-04-13,104.1773824227732,105.53013224020775,103.32217030986426,104.36435619946722,844221
2017-04-14,104.36346082714121,104.78107145342038,104.1321265367071,104.53036541483127,1381059
2017-04-17,104.86828450316455,106.40426845770673,103.69496251329261,105.15668649198756,1271458
2017-04-18,104.95982032782322,105.40690442169156,104.35392280521653,104.84504193284103,1961218
2017-04-19,105.31032671328191,105.47002852919448,104.85061336382692,105.02535387840484,1916290
2017-04-20,105.82557509931928,106.1811426164072,105.33486765260095,105.59980341497108,1781019
2017-04-21,105.12915386626057,105.509692078132,103.94891302328594,105.38620417414477,1676850
2017-04-24,105.93467500469193,106.95009513085901,105.46598363354026,105.81961923667293,1451484
2017-04-25,105.53275928797751,106.20757358374935,104.45342995534271,105.30812026817968,1219123
2017-04-26,104.9779839088073,105.50959567762371,104.73696494813018,105.04996571803167,999995
2017-04-27,104.79272561094994,105.64296877318384,104.49051368498384,104.77678160802107,1961655
2017-04-28,103.5131953974766,104.63080592362202,102.41479208790774,103.82590235923755,1261874
2017-05-01,104.31981081942601,105.49951442807655,104.04842852391856,104.27808871274526,1314509
2017-05-02,103.76818576746516,105.13490071873079,103.69392595935288,103.93399578612119,969445
2017-05-03,104.02231073262199,104.8885943290519,103.33975072998408,103.9911703138996,1132151
2017-05-04,104.19429916197218,105.47332942662503,103.10845303211521,104.43887457624,1561518
2017-05-05,104.94518575027053,105.95401213564595,104.41426125232326,104.85979974320902,1311623
2017-05-08,105.62899290909556,106.27861022532548,105.25873705403575,105.46691462279176,1503040
2017-05-09,105.30742758365018,106.33812805483655,104.06525754737686,105.43128507254553,1053851
2017-05-10,104.94287853684679,105.26932092192818,104.07368974992782,105.1221521597421,898492
2017-05-11,104.76251292977237,106.07117224904871,103.68524605752738,105.1024177816197,1862766
2017-05-12,103.69842287219477,104.93922443608963,102.74962480560191,103.7398794340516,1318443
2017-05-15,102.50247404319185,102.74352420381479,101.62814985966773,102.59197434817216,1233407
2017-05-16,101.321524393672,102.58509240792341,100.8227705301247,101.55780157625223,1143314
2017-05-17,100.86464129479629,101.99727761626036,100.36978885244454,100.79614747673983,1589562
2017-05-18,101.09626136682405,101.47827161034823,100.21217214974365,101.16454293885009,1475692
2017-05-19,100.3174431483972,101.13624445177129,99.44044803763035,100.4795773901593,1266856
2017-05-22,100.13777538177045,101.3406524371049,98.99302372413163,100.22114520415832,1917111
2017-05-23,101.47664665436243,102.64795089983664,100.60063200937222,101.31383968988817,1882077
2017-05-24,101.16237585832619,101.36173123331768,100.67798838551204,101.07096672865354,1038232
2017-05-25,101.6949837062169,102.17391686492626,101.07163604673997,101.71482207278211,1570856
2017-05-26,101.0971889187819,101.95941281105051,100.24003713004157,101.00339135907335,1962033
2017-05-29,100.7072413984224,101.1903990059756,100.16267779693743,100.88291567292218,1385902
2017-05-30,100.16902119729075,100.59322320170475,99.20277902882543,100.16415771147922,836222
2017-05-31,99.9599006094652,100.03665453826626,99.21595996573221,99.9378160015296,958571
2017-06-01,100.58625463276509,100.8852320731086,100.52504680367801,100.65719326912637,1601211
2017-06-02,99.38538081643057,100.0777778127295,98.61998261133444,99.32050590309005,1882299
2017-06-05,99.59441687177126,100.50988342318652,98.81893056806618,99.71114374033499,954075
2017-06-06,100.0223606073736,100.81878725915827,98.84397457350839,99.9459288510943,1456180
2017-06-07,99.5991444153099,100.54047041228394,98.99352643995142,99.51676561528107,1396232
2017-06-08,97.98577591297953,98.93563964183289,97.28945194272094,98.41642056348394,1142063
2017-06-09,98.69344870116673,99.05320045821361,97.93014169734874,98.51754969921251,1558009
2017-06-12,97.69660705973,98.21193127092342,97.05043692059674,98.14527315563684,1853512
2017-06-13,98.28148614741538,98.6553323659924,98.15627584731679,98.37238946942678,1087092
2017-06-14,98.58526690091033,98.98872314654986,97.36894076617119,98.43387343296703,865328
2017-06-15,99.70074753442239,100.00251671803822,98.60705606592876,99.74822071387248,1230807
2017-06-16,99.38315894513109,99.67508709179181,98.70708656951996,99.60221199570769,1176892
2017-06-19,98.67231793022019,99.06283792083957,97.99144060913518,98.83446630838489,1672629
2017-06-20,99.17339390943208,99.98266317058862,98.90581447325457,99.02086626457299,1444194
2017-06-21,98.95390674200635,100.0080819399452,98.22398008655209,99.23994173849923,821477
2017-06-22,100.54004709334079,101.67216440433727,99.82453572765942,100.3700717166842,1207777
2017-06-23,101.0800023482259,102.06678529740888,100.20525583124724,101.08835761926625,1682128
2017-06-26,101.24159967289359,102.13592625620784,101.13611235074039,101.42300414771135,1372081
2017-06-27,102.57367271197062,102.87720450846754,101.68382472982708,102.66346963675073,1475431
2017-06-28,101.58229393852227,102.44835117737023,101.19635446502367,101.73752877453175,1117179
2017-06-29,101.39529925136331,101.51781957177768,100.45415935962757,101.26372346756276,1183265
2017-06-30,100.67159337701801,101.22077466932762,99.78559059937456,100.56111274368675,956099
2017-07-03,100.03449523776553,100.79338482703159,99.72352029588367,100.2931253022875,897954
2017-07-04,99.17917775411051,99.77711878232266,98.62722559869164,99.23925602648053,844224
2017-07-05,99.66048428530587,100.16070770291991,98.65293846741835,99.78968982957187,1549269
2017-07-06,99.85064036917062,100.6880926972242,98.91340662847942,99.65727884374974,989175
2017-07-07,98.33631956453499,99.53806401752404,98.20941748101149,98.53586935000487,1488526
2017-07-10,98.01783560941551,98.93312080802173,97.23559533582598,97.78253722120522,1943535
2017-07-11,98.06731910649793,98.82925110593304,97.66667764887755,98.07221703987823,1636663
2017-07-12,98.60428372684709,99.43735107632034,97.82738794036531,98.7764413454557,1490483
2017-07-13,100.3101160561901,100.49822605888816,99.55102072499632,100.41212586710702,940238
2017-07-14,102.70293793667334,103.73286636016314,102.63930543860337,102.82657952188812,1386752
2017-07-17,103.01714112349543,103.91296347780158,102.24569743131411,103.21447973633502,1869413
2017-07-18,102.46129074091048,102.83153687761802,101.52974156914686,102.4467186899759,1261188
2017-07-19,100.57391239039609,101.18976016638558,99.63451228449874,100.75949862325521,1791423
2017-07-20,100.69058078599554,102.15841831448009,100.57194499301457,101.02097486595281,1650104
2017-07-21,100.35410302150926,101.18246407462358,99.9534822371476,100.4112887271151,1120125
2017-07-24,99.85247361845654,100.72127069474328,99.31879750009938,100.12323531123594,969511
2017-07-25,99.56653635238051,100.44060567042173,99.31091175199246,99.67899831523184,820397
2017-07-26,99.47576970314802,100.13536698178362,98.94472432304171,99.61160550059654,1131355
2017-07-27,100.37858041249058,101.10365102613973,100.24628248122126,100.50992921108089,1199476
2017-07-28,100.98377481989513,101.3714067402913,100.50015652606774,100.6815846161553,1587082
2017-07-31,100.60766467274671,101.16687355885102,99.77524621101651,100.59915223899611,1487089
2017-08-01,99.85075182293188,100.68793154715155,99.46271088539874,99.81401462471138,1374877
2017-08-02,98.267463765063,98.62452957068153,97.41438747727676,98.53000656877404,1667470
2017-08-03,98.09527964130419,99.13844362418338,97.99196097713089,98.19160017112128,1724111
2017-08-04,98.2252504431277,98.59401403547018,97.50902293871496,98.19353845251956,1656187
2017-08-07,99.48390548726248,100.46894015182032,98.98632085322788,99.6370270097147,1876531
2017-08-08,99.9217336712538,100.71025015683762,98.82136900798983,99.78581598354663,1231687
2017-08-09,100.43716326037136,101.42415884042835,99.48145914097385,100.61868388174501,1788047
2017-08-10,100.21961807084995,101.01400251307476,99.73666615662049,100.26268582771787,1304908
2017-08-11,99.27408755570552,100.5070386099376,98.51352780802551,99.36143395268296,1021049
2017-08-14,98.66591688531211,99.29204663716959,98.33415627232147,98.64160360529173,974948
2017-08-15,98.02084012977147,98.99045330554027,97.31757210416272,98.1151027535906,909764
2017-08-16,99.80443709491982,100.70493999728986,99.66126324046843,99.84500815952771,1946700
2017-08-17,99.20056540323031,99.5549631582165,98.65516572734953,99.23571421068665,1003328
2017-08-18,99.83848164174924,100.3241916552363,99.57876497672353,99.94858316551729,1802303
2017-08-21,99.34611302630437,99.88021726424127,98.21572860043432,99.27387730253227,1740236
2017-08-22,100.09728576677718,100.46699771433836,99.49952413949887,100.0615055172511,1327089
2017-08-23,100.40196010928359,100.88902119951494,99.66963844226929,100.41530740411292,1896597
2017-08-24,100.26991106629464,100.8359727879004,99.80421835428174,100.33469592528925,1889958
2017-08-25,100.46702450214832,101.21494548425676,99.96374974209361,100.34712814329477,1910538
2017-08-28,99.83245600473663,100.17025747282277,99.54957300311197,99.86778436984902,1396266
2017-08-29,100.22378950626772,101.24748544947381,99.12267851759798,100.26991827424558,1157858
2017-08-30,99.96627582427035,100.5192560836104,98.98167350026372,99.95058008044643,852568
2017-08-31,99.27191148457263,100.1278147741424,98.8186593783904,99.01991767406061,1808409
2017-09-01,97.85971365432341,98.19772769782612,96.97042954791279,98.05686033656018,1847561
2017-09-04,98.34997988996065,98.93069738110839,97.71459684081445,98.23653777632515,1443482
2017-09-05,99.24754212960724,99.61224872646402,99.18034543668111,99.53018363961611,885130
2017-09-06,99.73500721588843,100.56011143047307,99.04684711748261,99.7025131960003,1787350
2017-09-07,99.88820546359499,100.33297426842317,99.4539029453009,99.65276342899384,1157959
2017-09-08,99.99909350651401,101.1407238938368,99.63463921999991,99.92584758177311,1458037
2017-09-11,101.04665142988114,101.47381892072343,100.16166796875612,101.02079640789925,1591343
2017-09-12,101.1586860529924,101.95086229001318,100.80896697799469,101.24379910313283,975071
2017-09-13,100.96163695469407,101.3109598893716,99.87097039751227,100.95693530937717,875306
2017-09-14,101.8617179184211,102.67787667279708,101.04097199305502,101.90024581269587,895063
2017-09-15,102.17578819516754,102.89697284260893,101.14674925873526,102.29639205201053,1950869
2017-09-18,103.56252576573733,104.10097831850202,102.77807280509194,103.6075757304114,1948662
2017-09-19,103.83715502858297,104.13230461505553,102.71715372749566,103.80626521752174,1312191
2017-09-20,102.72228523254532,103.0239498383437,102.24366371188259,102.8406368704637,1310963
2017-09-21,101.6438612232597,101.95812087050267,100.95114645387436,101.76694047433644,1288171
2017-09-22,102.95585205637533,104.40320633358985,102.29356386927446,103.16634908035067,1220624
2017-09-25,104.70720871933429,105.25603923503796,103.5059074658251,104.6458770747591,1452571
2017-09-26,104.62824539717111,104.68288139228224,104.29219152417376,104.5427310225269,1227563
2017-09-27,104.30588965981904,105.50109758546904,103.52436882799249,104.26965692725281,1539391
2017-09-28,105.69617042884299,105.77330423103773,104.57490780774349,105.54336941005636,1254721
2017-09-29,104.67364638395325,105.22985497215177,104.16213457535014,104.65985206310626,1555907
2017-10-02,104.02129261659613,104.93158214093961,102.87095221880779,103.96016233556735,1933996
2017-10-03,104.59126483502588,105.7436400229824,104.04288902492829,104.54361843918578,1046977
2017-10-04,104.24670205444842,105.1679005284091,103.9868097368738,104.26101813788577,875245
2017-10-05,104.22062223147665,104.91193955748467,103.46850826570471,104.30367223043764,1431958
2017-10-06,104.56038510068129,105.78437769405804,103.65812289166686,104.2142656672862,942873
2017-10-09,104.47224798033011,104.64266365572969,104.40176199593331,104.54312052897012,1077656
2017-10-10,105.6688515483161,107.02785046914312,105.53114983812274,105.77450087211955,1747581
2017-10-11,105.96776668571627,107.0558440154861,105.60805990250508,105.8988249902099,1301469
2017-10-12,106.53391420621271,107.72525049691914,105.49825503021557,106.49368284987257,1459291
2017-10-13,104.58758768957014,105.16791937206654,103.46238689300934,104.808438702782,1731387
2017-10-16,104.99126376074132,105.2157632026052,104.10464755623926,104.81475389331112,954244
2017-10-17,104.14221317140301,105.0035303164907,103.96371312445945,104.15692969804715,1374369
2017-10-18,103.02074854538228,103.85648360789821,102.33609140539646,103.19270852843793,841352
2017-10-19,102.69922452422358,103.36845699092592,101.45645498002014,102.51641968744627,1398986
2017-10-20,102.38477946547526,103.52464155801137,101.35600943665578,102.2887800790595,1069081
2017-10-23,102.89186644476823,103.87405677906895,102.49597672765897,103.08740397151254,1893498
2017-10-24,102.31725162028204,102.73442300798538,101.84881136826999,102.04522209382887,1112972
2017-10-25,102.21708427761477,102.73846964426482,101.00741245127651,102.11617347808229,1040202
2017-10-26,101.76563475830797,101.97430800499063,100.71520778135783,101.76719120338049,817055
2017-10-27,101.7886768380515,102.06468818098651,101.43295402976456,101.54645521396328,959936
2017-10-30,102.43488837316411,102.65497237441298,101.3891547766456,102.41041774428253,1059308
2017-10-31,102.8941964360208,103.90882483221603,102.72771925094727,102.89853099678193,1073651
2017-11-01,103.94912643617745,104.94766271449849,103.8215016712461,104.05218494086064,1685982
2017-11-02,104.06117019102489,104.7478664922024,103.01141343544029,103.97042733279709,1865054
2017-11-03,103.51366306383346,104.01107003197407,102.75002179870056,103.43971355220627,1826520
2017-11-06,103.30338194753831,104.14919743004802,102.75698907811876,103.30110723548083,1947633
2017-11-07,103.42558688851992,104.56807565690079,102.29882559709624,103.54828949201746,1877882
2017-11-08,103.76155554933013,104.8649748135929,102.68815577741596,103.7413369041677,1346594
2017-11-09,102.88078057189452,103.59025742370655,102.76116418269031,102.89155313010501,1267896
2017-11-10,102.80636372123917,104.03518747170654,102.02657711496983,103.01241032676162,1579146
2017-11-13,103.01917511744097,103.90583419206943,102.05274449512426,103.24711568760239,1183296
2017-11-14,105.4843351045522,106.11271541797299,104.67507320298107,105.39498860367374,1524436
2017-11-15,106.61981508059591,108.15637130691879,105.36121473090643,107.03756476414303,1999833
2017-11-16,106.390040365673,106.91595828062341,105.46498076988577,106.35727001135422,1037740
2017-11-17,106.08465950026772,106.69722003993417,105.90456544604268,106.16079001292213,1723208
2017-11-20,105.17837756025645,105.59977267589957,104.68051485241399,104.97238291461024,1922590
2017-11-21,104.4471459623664,105.20027354518123,103.40248392390608,104.52451525039635,1444822
2017-11-22,104.9396283786072,105.6496263334571,103.58180105946208,104.83592192521287,1227228
2017-11-23,105.83674448712141,106.75708506745396,105.66413517447607,105.899794128232,1105725
2017-11-24,105.3492736467823,105.9235089988487,105.15710623122408,105.33130178515877,1001592
2017-11-27,104.94454951583437,105.25992140993374,103.85598684269797,104.82868710661155,1185566
2017-11-28,103.0181390221932,104.16887920261618,102.8903888817658,103.08966609371166,1695865
2017-11-29,103.15591101713724,103.61794737138138,102.8692284293756,103.00194038692914,1418437
2017-11-30,102.02387481204792,103.31174377528879,100.93003710631707,102.17617318162009,1065758
2017-12-01,101.83509483737508,102.12884461763011,100.80222421997755,101.79011487844551,1450499
2017-12-04,101.26401464104694,101.96685383581172,100.04830758861014,101.12406302483232,1770876
2017-12-05,101.19340389665591,101.86847253941475,100.28649976747177,101.09331582873136,816414
2017-12-06,100.01325484123517,101.01633280512196,99.30680812864597,99.72657411817045,824713
2017-12-07,98.4944306663927,98.81411076289865,97.4186152316559,98.60735176035732,1951280
2017-12-08,100.1389709311534,101.4467877880048,99.74489198227336,100.34656025633278,1697902
2017-12-11,99.21485990274896,100.01999149031553,98.85090262540825,99.36306017157311,1490727
2017-12-12,98.63698625093456,99.35114347135114,97.48562581388941,98.53936686239956,1887203
2017-12-13,100.11785537212727,100.75529698424673,99.20982944509562,100.04313471534081,1506989
2017-12-14,102.45722052414497,102.55089577038403,101.33511579675906,102.44150753459039,1424834
2017-12-15,101.36051213466682,102.16271058140697,101.12810618160526,101.53153546485221,1053765
2017-12-18,101.39493027891933,101.7529376402887,100.11864846307763,101.27842960614231,1772797
2017-12-19,101.41460867865062,102.05245844181286,100.64927980482052,101.60125599409753,1717984
2017-12-20,103.24165377168293,104.0639393080769,102.21918862445534,103.06248743153168,1154719
2017-12-21,102.73651665190292,103.3758991086718,101.1715759704527,102.29805107925365,1684717
2017-12-22,102.19961643474036,102.3602751971202,101.64514736367367,102.1434705468953,1672519
2017-12-25,102.91684988100457,103.05475585190746,101.92459336201132,102.82691106839177,914189
2017-12-26,103.15530468694932,103.50364463868469,102.34409991803729,103.23162275755182,992488
2017-12-27,102.68817472706182,103.24528173469471,101.70656241807708,102.96776515725713,1513993
2017-12-28,102.81085161659342,103.67519668208844,101.69896848956803,102.90388486249992,1548304
2017-12-29,101.65711588092923,102.08316896734372,100.81125753334354,101.82404039469444,1589832
2018-01-01,101.45526613975284,102.75776360974362,101.3256210331406,101.67595449695553,1247866
2018-01-02,101.76741331030462,102.06378521517598,101.24063660655587,101.50517065055371,1802681
2018-01-03,101.781291347013,101.93884996896139,100.57261994381379,101.73964994141389,1334782
2018-01-04,101.39196528227899,102.46378777631868,100.15477419935954,101.33425224667567,1047309
2018-01-05,101.71585067504371,102.1595171635401,100.53337816589848,101.76302124931769,938142
2018-01-08,102.61038802251421,103.19045816871682,102.51565881983136,102.63700247708965,1853161
2018-01-09,102.95970835140831,104.14671058877512,102.30737487881295,102.81095878075782,1648585
2018-01-10,103.14208407356146,104.31886358089572,102.1894394336388,103.14708729296875,1353777
2018-01-11,103.31958675386119,104.22069309920349,102.29193811705505,103.23740555590231,1051158
2018-01-12,103.25357642937958,103.4174678430478,103.09994002180791,103.283942574344,915828
2018-01-15,102.68295087081177,103.48805347311921,101.91189204470919,102.73567783454037,983340
2018-01-16,102.8250302250434,104.26605546429704,102.60467612221679,103.04248812935548,926745
2018-01-17,102.70307763823274,104.18188654533226,102.06920376075126,103.0086655758703,1435292
2018-01-18,104.75413606483677,104.97539777431321,104.41301620883922,104.7952517327357,1037365
2018-01-19,106.17939227821284,106.7159830018,106.05240202679775,106.17039486406668,953373
2018-01-22,106.3410111048977,106.98645606334695,106.18998311323213,106.54656020197334,1139300
2018-01-23,105.94031858095882,106.15682787892545,104.77759509486168,105.94579728155222,1639292
2018-01-24,105.0628718776678,105.95487463209544,104.10224839712437,105.05440146266973,1395686
2018-01-25,105.76484814390466,106.49521798456594,104.57859216764847,106.10800269889333,984456
2018-01-26,106.2331102262767,106.85422009814357,105.605816009865,106.37913548147651,1698501
2018-01-29,106.90187088346018,107.06640644806048,106.27540671845394,106.83660484593563,1387474
2018-01-30,105.46449347492887,106.12118152973203,104.91615685568621,105.40329757527846,1024071
2018-01-31,106.05219921471611,106.48239599079459,105.24752480143722,106.23604200002565,1629467
2018-02-01,106.6962952266532,107.27982151935326,106.18634358271137,106.67094252232177,1991182
2018-02-02,105.93733955532058,106.1649391021373,104.8144569869463,105.77512168231351,1448283
2018-02-05,105.54718236800753,106.75773189448365,104.40008601259383,105.42429881026847,993826
2018-02-06,105.67939625812706,105.92357463864214,104.56213118972803,105.69450303398402,1171480
2018-02-07,105.71221082227058,106.4742612916594,105.36418395091123,105.78646916502976,1519253
2018-02-08,105.48732341347765,105.87897565639148,104.79524708013392,105.58699930692453,1999268
2018-02-09,105.62117040528582,105.76673335564438,105.22311609478305,105.54710486975544,1914728
2018-02-12,105.41280718751797,105.71076166456105,105.28376191864834,105.38196652696745,1919857
2018-02-13,105.65781231979663,105.77719531808093,104.64613272974536,105.558154232071,1799008
2018-02-14,106.87733264508458,107.10210314699239,106.12815366865804,106.85619534418109,1489785
2018-02-15,104.86020547120474,105.50772435100843,103.80730647026667,104.7315798081899,1577467
2018-02-16,104.59521144209204,105.43154204364501,104.42270064986587,104.5803726585709,1680730
2018-02-19,104.89861711440709,105.05642741989496,103.52338018933924,104.77529312903546,1658591
2018-02-20,105.20820853920485,105.79439860603847,103.81693844300811,105.07096126084947,1566468
2018-02-21,104.67947978457872,105.55892028186199,104.06736673659971,104.80595856158226,961046
2018-02-22,103.10944034026798,103.72004132478763,102.03094908171705,103.3898559691341,1855707
2018-02-23,103.94827084016323,104.44502941176484,103.3658170072023,103.70816163028312,811595
2018-02-26,105.23906083533653,105.37861845935313,104.25366602824924,105.19856064176591,1311149
2018-02-27,103.69497795179096,104.27750351062629,102.59466044569041,103.96234090250111,1320978
2018-02-28,104.618253921356,105.34491400404676,103.5858117281063,104.73039181479913,1995253
2018-03-01,104.62351036665035,105.86749280393882,103.47469191213246,104.50251615808477,907422
2018-03-02,104.45443536974238,105.74776489032408,103.84600851977356,104.49827398893451,1370955
2018-03-05,103.58877546960346,104.88812842247096,102.56015090410911,103.66840235347496,1229303
2018-03-06,103.65528588775773,104.21144764446417,102.5645920741289,103.43792940929102,917242
2018-03-07,104.40211227721636,104.71568123597676,104.19088685506401,104.56637881392996,1068491
2018-03-08,104.9763795680367,105.54585746023267,104.78604472682167,105.10221109207261,1306497
2018-03-09,106.65068181824434,106.99555976158356,105.61711817761845,106.61687576991984,1899616
2018-03-12,107.73738165902314,107.80875289206753,106.84599772069261,107.6743187058318,1265858
2018-03-13,108.18232893779015,108.35489993043177,107.40212117479052,108.10184554073987,1856067
2018-03-14,109.81983913121564,110.44709790291176,108.4708585969386,109.66993600416698,1680515
2018-03-15,110.1381010104449,110.62338251655136,109.21507095518592,110.10530417129681,1782731
2018-03-16,110.96833945949,111.25397948877861,110.32633030404664,110.88694002825822,1824489
2018-03-19,110.6309256178173,111.64071076932008,110.04898307557472,110.67395718952014,1656733
2018-03-20,110.79315183465043,111.30355697861276,109.95625945318719,110.78273300056985,1680112
2018-03-21,110.23371795798198,111.36873726786108,109.1971957826548,110.21593998687898,984886
2018-03-22,111.1778085918947,111.5414975910763,110.36505972440013,111.14194895284813,1660459
2018-03-23,110.27639692270529,111.01431420462067,109.44922825030208,110.14875547516489,858040
2018-03-26,110.98254641827535,111.27305444245336,109.90779004628313,110.89020608965437,1684881
2018-03-27,110.77838702266418,111.46476515498289,109.81724134870991,110.77104007756363,1584665
2018-03-28,111.72839926724308,112.11623835794582,110.60564184921824,111.86416757439544,1708320
2018-03-29,112.60023462444651,112.86576333842581,112.45152142641881,112.58880608521918,1570709
2018-03-30,114.2872983829019,115.1539291604624,113.23791817849374,114.29210170018298,1242424
2018-04-02,115.047305372908,115.45382956908847,114.27693973246558,115.0139775000969,1243309
2018-04-03,114.00378676502092,114.28676959864228,113.47328642129457,113.62770316109511,1515380
2018-04-04,113.52870915897344,114.88962457681873,112.585442786347,113.61797416200203,1367223
2018-04-05,112.679656267204,112.79172039772284,111.6241057061459,112.60832637766694,1208686
2018-04-06,112.37267814471964,113.15919736397082,111.46117778999147,112.19286741015497,1386979
2018-04-09,113.62530539990148,114.39852948698376,112.51470277333915,113.60860460883674,1443910
2018-04-10,114.64153257370087,115.0292504725263,113.78933864422454,114.24091622110495,1087913
2018-04-11,113.59061125823602,114.303675606528,113.2700661623469,113.6550603760254,1565846
2018-04-12,112.84264792509691,113.01292573236987,112.27650109517988,112.78781795078665,1176999
2018-04-13,112.73294082418094,113.8608117041591,112.14497305089017,112.8681804506203,1121292
2018-04-16,111.7663672350171,112.1663445618358,110.815991389761,111.82533128996313,1302067
2018-04-17,111.31815034246529,111.62137337406737,110.13896555325451,111.27659956386768,923940
2018-04-18,111.74658977332363,112.20710892382633,110.62384265096281,111.60491223742359,1523814
2018-04-19,112.74584085180919,113.97220600955876,112.41007542292564,112.69190174628389,1680064
2018-04-20,113.50700402451089,114.6034097716224,112.75925090431832,113.2930306187436,1946983
2018-04-23,111.26946581165689,112.55277575180347,111.01112507211644,111.28531817886478,1140328
2018-04-24,111.55122409289069,112.49941562745055,110.61449184248276,111.60683250910249,1446181
2018-04-25,112.1745695129374,113.0858305515841,111.34671882755147,111.72142988906143,1404264
2018-04-26,112.2087351936122,112.88427178115144,111.40878898031382,112.1424190480798,1677396
2018-04-27,113.53027421159801,114.89284386239086,112.43969749338379,113.65293099133997,1549818
2018-04-30,111.72622901399387,112.55570849280195,110.80830847601656,111.8427015160957,1768401
2018-05-01,111.20769570896815,111.87557608615802,110.77050479555804,111.36516826992784,1820766
2018-05-02,112.1004926394312,112.98208595773706,111.45874207234567,111.94322874297669,936209
2018-05-03,110.52507143150521,111.33535030251741,109.63935784964212,110.58551370668168,1226058
2018-05-04,111.9707547861636,112.18643597533662,111.18599835857775,111.94936756326206,1583749
2018-05-07,112.31958877756067,112.8937768785534,112.13891989912699,112.33028969925776,1452509
2018-05-08,113.26869812871743,113.73346703394294,111.95077433825243,113.14455155802057,1378532
2018-05-09,112.53651489507689,113.83331147858102,111.81683799074185,112.67963111312697,1007794
2018-05-10,113.28356696324721,114.01770148246622,112.61024890334762,113.46662930607272,1486917
2018-05-11,114.5307035805591,115.67004186883022,114.17365989838005,114.49218314799894,1688695
2018-05-14,114.86075955032376,115.50254178498406,114.20241201228133,114.75731284136492,846100
2018-05-15,115.08183185162342,116.13658635668857,114.52669110676854,115.02445782808685,1509885
2018-05-16,115.1853546174094,115.56245970509823,114.76913690530631,115.32538045631429,1887458
2018-05-17,114.69959320931555,115.9765985525611,113.77818393234145,114.58315068769058,1488476
2018-05-18,114.37175167330787,115.18953351862481,113.70654650629857,114.49950923995071,1943340
2018-05-21,114.3218530119119,114.81038811352033,113.09566272399657,114.4113579287554,1223090
2018-05-22,114.65189914239704,115.1907304188776,113.35341413360663,114.81446842563624,804178
2018-05-23,116.01458742450333,116.42625228931634,115.43846018401594,115.78859847213224,1618476
2018-05-24,114.97302022128589,115.51538566750465,114.67421965968784,114.86388433335166,1055349
2018-05-25,114.90489878456638,115.91048609065614,113.70650879183584,114.80071827344848,811620
2018-05-28,116.43910754205106,117.7688928004198,114.83388588663338,116.22167803570535,1016233
2018-05-29,116.07201043440882,117.02309641468472,114.37865620941707,115.58436302674582,1920834
2018-05-30,114.5836985434401,115.65852810878131,114.49518033039107,114.87822784213817,1737565
2018-05-31,114.9885950395159,115.76752114103027,114.59883765117182,115.11609358088918,1130018
2018-06-01,115.8413427574685,117.11080489889507,115.72568256902757,115.94850963149163,1517696
2018-06-04,115.8632450919863,117.20286092329026,114.71168460496177,116.01130213039237,1207206
2018-06-05,117.11444517868449,117.75801135529824,116.27283966840301,117.3040525014619,1012800
2018-06-06,118.11090718710314,119.5186911544598,117.35408045974472,118.16401950286084,1986059
2018-06-07,118.79884003861592,119.61632930314353,117.98195858592815,119.01603306061675,1776765
2018-06-08,119.65870731941732,120.81950420948887,119.1915847199718,119.59860142155566,1236178
2018-06-11,121.91083500707697,123.32724733892263,120.99701486225288,121.90138186184384,1224169
2018-06-12,121.84410037044022,122.89099318569737,121.65243007162775,121.75624800233543,1778710
2018-06-13,119.96550023641406,120.24835889422341,118.92370618680326,119.87420491973117,1353028
2018-06-14,121.58711928065637,122.46747993495732,120.39050779137987,121.47724186658499,1252342
2018-06-15,121.01990905673827,121.31367398760855,120.02272896409708,121.08773191859548,1264767
2018-06-18,121.63260268264588,122.79725108623602,120.72312214147956,121.24682981292398,1336171
2018-06-19,122.62199033603099,123.07999873631863,121.35284897832298,122.57888587842058,1425656
2018-06-20,120.73391516123705,122.10066213695174,119.68005827887211,121.0721577328543,848089
2018-06-21,119.73953474378254,121.23488658872823,119.50299896621866,119.91984185515012,1376170
2018-06-22,118.13749323971105,118.75251221514192,117.81330522919313,118.44672856737918,1327962
2018-06-25,117.75264821933752,118.34351512844083,116.82799030757073,117.74958650121543,1129500
2018-06-26,118.19603854260059,119.15650647731823,117.74355035784795,118.21763783139525,1226472
2018-06-27,118.68440736788529,119.40042462334077,118.46205464363022,118.76785824321368,1309467
2018-06-28,119.44342869530766,119.74328160822354,118.81245705175648,119.08422433088475,1239284
2018-06-29,117.8958984572484,117.9942617833054,117.51563515886474,117.79889409408413,1890004
2018-07-02,115.81992457087382,116.41939444600278,115.00037860082067,115.69391682571913,1434222
2018-07-03,115.634609083509,116.71875386197684,114.76909181505846,115.79633142479489,1403472
2018-07-04,115.23906936527003,116.23155932175963,114.9476728397238,115.41203938960135,1115524
2018-07-05,115.8955053288336,116.16169114200352,114.88160088509677,115.8891072941828,1899663
2018-07-06,116.62444126925924,117.28721500725351,116.15909572837573,116.5941838298925,827823
2018-07-09,116.45057936545246,117.33029588321214,115.97512112996675,116.77573759413393,1460152
2018-07-10,117.50911326821966,117.97031887354423,117.14833277662605,117.54090344376415,1002564
2018-07-11,117.81212402245733,118.859075518087,116.68692668757646,117.80963728198863,1722580
2018-07-12,118.32532473532785,118.844197528219,116.96010381308146,118.36352345532157,1253931
2018-07-13,117.60744948595888,118.54141813997734,116.88254677385052,117.75111592906862,1152309
2018-07-16,117.4692606901533,118.8713776966931,117.35374701349171,117.56440588983214,869544
2018-07-17,117.7007284672048,118.52096263774409,117.28918232183717,117.73196143684099,1748496
2018-07-18,118.50568640728228,119.40582757070828,118.21493931544433,118.48954812663112,1275778
2018-07-19,118.20632351459557,118.36499527182914,116.89554612950826,118.09918542471915,1117185
2018-07-20,118.76706470091976,119.06974763108524,118.3998260099778,118.57482120404576,1813156
2018-07-23,118.25293347575092,118.50166540338863,116.87948752715886,118.30516776096884,823459
2018-07-24,118.09538527640868,119.27473495083403,117.23707883007444,118.17624551634758,1362601
2018-07-25,119.02333147058361,120.22702542313687,118.17757236294156,118.94524587803592,992874
2018-07-26,117.15345228425359,117.4632336452815,115.84712303564712,117.04620666376498,952367
2018-07-27,115.74569431375373,116.17109672382591,115.65115350323653,115.82112869014041,825983
2018-07-30,114.57440207394554,115.05754901728763,113.35873703024038,114.4387246417418,1024455
2018-07-31,112.4702671095255,113.29100680388474,112.09850029075702,112.30524824714882,1936475
2018-08-01,111.8971487225891,112.75323534043736,110.54508802938082,111.68076392573316,1334625
2018-08-02,112.63515523631953,113.58102815932664,111.59571394746762,112.33550237765195,1999972
2018-08-03,111.91732269940779,113.28553761057782,111.782687488979,112.06296243821147,1120760
2018-08-06,112.22592710026439,112.6628183267532,111.09211364925469,112.22358753989685,1714676
2018-08-07,113.19068280413867,114.10478001314505,113.0966196677317,113.18876804125877,907521
2018-08-08,114.3634238781877,115.17368477378578,114.12425988490595,114.38025039717685,929753
2018-08-09,114.18854152210294,114.75901469916408,113.0837694355291,114.29985751090076,819674
2018-08-10,115.26953652611081,116.79028939071888,114.59566874944584,115.52697024212097,1878734
2018-08-13,115.61087590858328,115.79562893678805,114.36534311420836,115.59480601470537,1605945
2018-08-14,114.67346337900683,115.80321486627763,113.77815757971872,114.80578088624598,1692531
2018-08-15,114.25875052326292,115.27228821989449,113.36769623531443,114.24401416261428,1912803
2018-08-16,112.74747333172007,114.12658795114524,112.31218874194929,112.8819230747081,1198693
2018-08-17,111.88106904834935,112.79027827631845,111.65313083513719,112.06592038530398,1667043
2018-08-20,111.76791404666216,112.23718916900161,110.43779231769102,111.72864728836198,1402733
2018-08-21,112.45781531451253,113.58453215703322,112.24064594190496,112.4323626187692,1451192
2018-08-22,114.07276382907348,115.14097749220763,113.22336949781493,113.97372943907109,1594111
2018-08-23,113.07303736909962,113.78015425868854,112.29388034181396,112.70350560522355,1363932
2018-08-24,113.0883072681293,114.1434618663518,112.64139266000805,113.04128951886207,828860
2018-08-27,112.16894278429524,112.57057147113858,111.26491720137764,112.0873854637857,890072
2018-08-28,112.31514576681855,113.31588118541173,111.22835719707761,112.49697935867549,1401849
2018-08-29,112.14531113546586,113.53635203419394,111.08693257843066,112.3622107831037,1483894
2018-08-30,110.97465716682588,111.43595904132737,109.55029853016947,110.71180032034738,1678874
2018-08-31,111.36583883575793,112.19622408991643,110.93503328663368,111.52031897519588,1486624
2018-09-03,110.79145585540424,112.23432903268778,110.14264548053742,110.96521807773144,1025870
2018-09-04,110.46922214632986,111.54504386856848,110.40212893026582,110.47570136744602,1240184
2018-09-05,109.50303684179319,110.68979829529955,108.50777877842071,109.517853361047,1332548
2018-09-06,108.78229998496376,109.4668256239845,108.3496786750516,108.92976471706748,1980732
2018-09-07,109.23689506876475,110.5939399165839,108.47691480421068,109.28688943041386,1439036
2018-09-10,109.30638911494324,109.55282085603865,108.83821690007942,109.10519220399553,1561973
2018-09-11,109.24379730574599,110.08324217592101,108.1597607998903,109.37603187972765,1682678
2018-09-12,109.44744250458805,110.33606005068712,108.36406270969012,109.67672265038802,1234686
2018-09-13,110.98170177698852,112.05622330569507,109.65129200989479,110.82500735952863,1957344
2018-09-14,110.58653434009143,111.79735784803735,110.39130297354107,110.50493248456732,1609892
2018-09-17,109.08900230154484,110.16331593542925,107.78939499993346,109.19063453443843,1817930
2018-09-18,109.84903383519972,110.959126473392,109.48109853155692,110.11035328886129,1699065
2018-09-19,109.67962431664262,110.39689342714074,109.23449094446354,109.80226631477441,1545822
2018-09-20,110.76001666758023,111.47456653742607,110.38704771975543,110.76910600992709,837051
2018-09-21,111.28693956738927,111.99438547873726,110.69535607181929,111.09269308980207,1500368
2018-09-24,110.78703362727987,111.04103231490492,110.02752141966997,110.95956164959799,955412
2018-09-25,111.2388003275135,111.95213243527627,110.87640419892598,111.2529049510299,1523824
2018-09-26,113.1004472572871,114.27032030481277,112.41788884614229,112.98602439077182,1641678
2018-09-27,114.45156058899023,115.85615453550109,113.53143004902577,114.86183569594404,1454214
2018-09-28,115.08655582552417,116.19721579818889,113.74615192182085,114.90836980060375,1170129
2018-10-01,114.83442410549307,115.61257341553193,113.86217532421342,115.03846505373588,871235
2018-10-02,116.0735847992789,116.83771952019924,115.16486707565919,116.01580971028855,1605262
2018-10-03,115.25892744580722,115.36093863240126,114.96294793873189,115.21629456816139,1637955
2018-10-04,115.69429272883235,116.2617126496094,114.36455916665028,115.50637776066259,1373520
2018-10-05,115.56057942676703,116.24883333640764,115.35793255266731,115.46516056861549,1659604
2018-10-08,115.32541191474927,116.13567579936094,114.91736706634077,115.73812663672547,1734938
2018-10-09,114.81651097026196,115.0506034871118,114.68376269851532,114.95182868462344,1414976
2018-10-10,113.50579647334007,114.46375057778074,112.55450399960091,113.48227072548269,857210
2018-10-11,111.5664346098509,112.21326049498767,111.03802613711518,111.59907397195208,1844465
2018-10-12,110.6685655690482,111.25292870958847,109.70478240583549,110.58933758770533,1360084
2018-10-15,110.29820213864691,110.67044176928617,109.6730104824531,110.1677580231021,1606924
2018-10-16,109.99347057939232,110.72878238462427,109.26227480920397,109.89317354099815,1893100
2018-10-17,111.55693958928623,112.21073064340695,110.91364073891998,111.59280690271909,1235197
2018-10-18,112.25591194083256,113.23753881680673,112.14094195965258,112.56766872035347,1546392
2018-10-19,111.61152957847935,112.4897581129355,111.0035140459769,111.68783715180103,823633
2018-10-22,112.05208821295896,112.11626419126532,111.1005991362646,111.98214951263319,1862058
2018-10-23,111.41877424289518,112.8220685991249,110.66339942857523,111.60131726758837,870993
2018-10-24,111.43644258345222,111.58326066096683,111.17897006704322,111.33102189225343,1449348
2018-10-25,111.63138190730865,112.26607715407181,110.56728419851343,111.47948108720497,1222157
2018-10-26,112.03756301590137,112.36076764054967,111.56236521525706,112.01624627221052,842945
2018-10-29,111.18256573328115,112.42453091629181,111.10851811871302,111.69588313010716,1354526
2018-10-30,112.41773262382432,113.052961586602,112.16036921057426,112.6336662910285,1922712
2018-10-31,111.90837366598211,113.07111003102926,110.89832409563314,111.59264640624306,1000245
2018-11-01,111.49009188604121,112.14596217652841,111.0363696809995,111.58156720126244,1150726
2018-11-02,113.56854838000018,114.80124504698053,112.60487329055539,113.90756175507941,1027193
2018-11-05,114.30531295266425,114.68962077409603,113.7211080789291,114.0939116430954,949966
2018-11-06,115.394609881574,115.47805988591873,114.30909268594533,115.39229818297127,1076253
2018-11-07,115.65085849123689,116.24620333906074,115.02138506619464,115.45949468546803,1486200
2018-11-08,116.02797682985036,116.80183640103523,115.09371659792475,115.97979441453047,1736616
2018-11-09,115.98946019021561,116.66043511938895,114.78645311495072,115.90973298965812,1628369
2018-11-12,115.79748302019861,117.136468444243,115.16344225039569,115.73446399913216,1725545
2018-11-13,115.11806915946904,116.1113827443922,114.87835757025985,114.99775477469029,1658721
2018-11-14,115.77114323792037,117.15463186725688,114.60886198703793,115.37699860339679,1259526
2018-11-15,114.74338126339516,115.1900991670697,113.20763066596895,114.5764995029411,1880293
2018-11-16,114.89791938516382,116.27359261117766,113.5601162079709,115.17093311597802,1006837
2018-11-19,116.23563462191518,117.03637288624202,115.80448616145254,116.15780978691883,1639730
2018-11-20,116.68088198623454,117.56010091102218,115.41091617818586,116.48144000083167,933090
2018-11-21,116.4071992966084,117.78514761103922,115.67852463335122,116.19757292459745,1718705
2018-11-22,116.52823095921015,117.5381002553472,116.25518975497796,116.60284599191868,904555
2018-11-23,116.50103872374116,117.76348991126953,115.34905816283417,116.29781797817938,1059418
2018-11-26,117.31695868678673,118.35475948462019,116.42054324165919,117.1539256905812,1269535
2018-11-27,115.87809992461752,116.10579348461546,114.65913927891283,115.43267108587094,1633362
2018-11-28,114.97640470441745,116.08929173345523,113.8249142158647,115.10589914072943,854650
2018-11-29,113.18398495673748,113.9577030910634,112.68934238924645,113.27019500008552,1108826
2018-11-30,111.85532554651338,113.14509016938752,110.9412897164847,111.90671071021173,1200362
2018-12-03,113.03425091681767,114.22355958527218,112.50172374251638,113.11742992137204,1677225
2018-12-04,113.7612596358551,114.10671094851101,113.64848527668444,113.91333748691235,1953839
2018-12-05,112.77328731903864,113.47358423487817,112.22665560280745,113.24256601402854,1537000
2018-12-06,111.79980655172287,112.01824657440065,110.52244945260455,111.87275309206248,1409005
2018-12-07,109.29490128294286,109.96950395735992,108.57269209332297,109.23438138420198,1203535
2018-12-10,108.66369991761434,108.89953423079497,108.474119790986,108.74415240492003,1787173
2018-12-11,111.17550554003377,112.15632929935,109.92140884971279,110.85368932337192,928693
2018-12-12,111.22557599452684,111.98770739836354,109.93550462610126,111.22334444058954,955119
2018-12-13,110.92434411902077,112.04608626038677,109.49863091978835,110.70994947681197,1041419
2018-12-14,111.14952967387231,111.56274489733804,110.31960366623755,111.1059616243554,1121694
2018-12-17,109.84667520038276,110.55739626264469,109.18107813102928,109.71067664265652,1353915
2018-12-18,109.4794517173967,109.68209997667171,108.64812224891621,109.43361409871648,1935855
2018-12-19,109.72914304581326,110.9002838388227,108.42205751839931,109.50431131812411,1580472
2018-12-20,109.42167773927375,109.69660594888758,108.27414432120314,109.41249704330231,1260262
2018-12-21,110.17229618193566,110.35707339917334,108.99863533691419,110.09036901419205,1053823
2018-12-24,110.43841942026835,110.75406146600241,109.74442166648569,110.37776690352908,1578087
2018-12-25,110.90487071251115,112.03704361227847,110.69782608254089,110.95284985223644,1103763
2018-12-26,110.39398467804642,110.58351647488672,109.54965596581042,110.32696397348158,1971352
2018-12-27,111.47795466224376,112.32138752432215,110.85015139771191,111.10557550755883,1373271
2018-12-28,112.50039107544936,113.56807937658418,112.36527576127925,112.54603923272958,1460945
2018-12-31,111.72943378899272,112.75035404297601,110.96301887706773,111.6591781312064,1884197
2019-01-01,111.0615447709688,111.35982278352752,109.96150503962949,110.85240304216919,1166415
2019-01-02,112.21815707164076,112.35379246276378,110.87013332237034,112.02654911137509,1366165
2019-01-03,111.84038394006254,112.47354293220468,110.77566167466843,111.83841842162157,1438338
2019-01-04,112.68025647576644,113.40441195277447,111.51308441788207,113.08454310955605,1125289
2019-01-07,112.75532170404232,113.71843417272338,111.6268564902445,112.66799789591586,865564
2019-01-08,113.59063010970263,114.49454701301684,112.61519862320361,113.97006053311307,1140495
2019-01-09,114.32441495457815,114.97235661584111,114.00255966269236,114.0728949615603,934843
2019-01-10,114.32070295579611,114.5270605965354,113.41158290563324,114.29164878354948,1610816
2019-01-11,115.88747024548945,116.70179160048167,115.49577251342525,115.7139558923262,808605
2019-01-14,115.20613492605149,115.66604897561194,115.07080550261135,115.36223926750458,1179792
2019-01-15,114.21317184453068,115.43090416114846,113.95062548652773,114.47976788731073,1861052
2019-01-16,114.0971922935643,114.24762276227396,112.91572256620637,114.05258272711123,1482340
2019-01-17,114.44311178442217,115.79054054104327,113.40691317720878,114.44888059855305,1605536
2019-01-18,112.92395300297376,113.95337824813605,111.6353910257693,113.007274536605,1602217
2019-01-21,113.58244309807262,113.87660913501685,112.23266231041268,113.56802087692603,1157995
2019-01-22,113.53195638211062,113.60712457605032,111.84461898092658,113.06261606947405,1558783
2019-01-23,114.2312950074869,114.72778114203899,113.85703483166276,114.08848038018024,1065393
2019-01-24,112.08339794142205,112.3364096840759,110.72085476197863,111.90722822141544,1562600
2019-01-25,111.32933462829274,111.66462856210887,110.06064708697932,111.18858041090043,1619691
2019-01-28,109.92547889625885,111.08372277203661,108.52849336211725,109.6820731835574,1851369
2019-01-29,108.91208022350811,109.7533349183379,108.66763962824471,108.94314073102282,1903438
2019-01-30,108.80644035630105,109.41888499795995,108.6058985511316,109.14283406497114,828777
2019-01-31,108.93928366608681,109.72217530714327,107.72746463201177,108.97010904330338,1158966
2019-02-01,108.86553077173795,109.24018904798073,108.46141210447587,108.73313691659526,1456537
2019-02-04,108.42051853174533,109.85169245804167,107.90669744142981,108.57846769304989,1185870
2019-02-05,108.71020132267479,108.83430043921285,108.08578886694468,108.73896809987104,1542293
2019-02-06,107.73707200323398,108.81117414584905,107.52902212105042,107.84898199707274,1825088
2019-02-07,108.68863560779411,109.70916383481274,108.36435045857213,108.44430582846884,1109640
2019-02-08,109.1269204595439,109.2657704741766,107.7037346563541,109.0043793143631,1872050
2019-02-11,109.43110747687415,109.7021133616082,108.16744260753173,109.3242636789609,1858420
2019-02-12,109.89799278326832,110.4386388798208,108.5887581823419,109.7956191317275,1896843
2019-02-13,110.03363570941042,111.19341700187235,109.61853653689835,110.03978405897121,888243
2019-02-14,111.86232237435648,112.60905922814703,111.49021048540288,111.8291835376898,1151785
2019-02-15,111.53589281235881,112.63243379215102,110.93388168792487,111.73453187880244,948929
2019-02-18,111.07815894038308,112.50288925773522,110.4435502303548,111.44365657388097,944375
2019-02-19,110.78218948709998,111.89260502188975,110.69474494557069,110.7572556259226,863772
2019-02-20,109.88327722775392,110.54007949096781,108.79075568524128,109.82990150085352,1327997
2019-02-21,108.92279171954114,109.6145735598549,107.42503519404171,108.72557474171589,904668
2019-02-22,108.19345735419616,109.14091474778047,107.22881164639382,107.93904462403896,1154917
2019-02-25,108.11586240950778,108.4973424322846,107.32631662458486,107.86184800257794,1977636
2019-02-26,107.97259307203053,109.25113912499947,107.43093271152652,108.13447420679074,1860639
2019-02-27,108.10534662361233,108.2424367545231,107.93184975602574,108.16249942357187,1924506
2019-02-28,107.56342573199701,107.8593728831023,107.1032392952844,107.4859819268281,843961
2019-03-01,108.65770046779787,109.71193000386708,107.5673991831783,108.24659537602453,1593092
2019-03-04,109.11418516066253,109.59570272489414,108.27734770220442,108.8724720718327,1560656
2019-03-05,108.89974817058389,109.14184075876977,107.98141447773628,108.71720158021994,959317
2019-03-06,108.07169500122504,108.42090071235636,106.9624195698455,108.1345949414698,1887417
2019-03-07,108.4499142141784,109.31089978281345,108.11477291041177,108.5937791927716,1285253
2019-03-08,108.86957160129097,109.98342572395383,108.65192671666732,108.74089178113258,1972004
2019-03-11,107.2948377846055,107.61332919444958,107.19402434677836,107.47227363746343,936771
2019-03-12,107.35931943400516,107.48907575929616,107.13999065057745,107.39773071852929,1580156
2019-03-13,107.58843465717034,108.23640078588468,106.8288006695047,107.60696101659606,956882
2019-03-14,107.07444058139393,108.30538497609975,105.77300943411379,106.81921016456141,1939907
2019-03-15,106.90860818863275,107.36221244568935,105.76487121446652,106.96551876015363,1529118
2019-03-18,105.32516385318634,106.93085815395882,104.50322714753139,105.71195060916064,890791
2019-03-19,106.91282873540689,108.05768696422531,106.28328763435564,106.83199249518691,1057786
2019-03-20,107.77459403813418,108.29294987393132,107.52920000175395,107.88771784681883,1231134
2019-03-21,107.66072449310597,108.72601689076969,107.10304988538691,107.65384040285444,815431
2019-03-22,107.93708027065247,108.85655728570148,107.47049266211162,107.95112007501,810457
2019-03-25,105.83047450559432,106.55004817598198,104.71869387260405,105.87394168693336,1910575
2019-03-26,105.00764788201084,105.57086014442288,104.2438054378085,104.88330758051181,1977420
2019-03-27,104.3808468832563,105.65488227954711,104.05713548442877,104.62140259359589,1443453
2019-03-28,103.63190627361938,104.71009297262164,103.23590676197087,103.71233740423126,1883271
2019-03-29,104.39813203762493,105.35909260839752,104.07530264440729,104.29112341399977,1586270
2019-04-01,105.85741770914557,107.22435084800007,104.68623953907897,105.95501575221277,833663
2019-04-02,104.69334779961018,105.57658928352926,104.58038606102193,104.94660600539507,1657393
2019-04-03,104.33473433022134,105.35508778431807,104.16269560878281,104.23020883565259,821759
2019-04-04,104.58695292577904,105.67659222246478,104.13913236651446,104.41105767842302,1779808
2019-04-05,105.74251342645157,106.05985993261521,104.70358781738848,105.74965076769327,1240363
2019-04-08,104.39689342699579,104.8078633976321,103.71623945741257,104.70485851844218,969508
2019-04-09,105.00901507079345,105.5502952355798,104.0905127810899,104.89793292009422,1110245
2019-04-10,106.15658957352817,107.52328758405861,105.66679217032897,106.4215613635719,1620022
2019-04-11,105.05743695944665,105.45924884992328,104.87335698469131,105.00879699858285,1816318
2019-04-12,103.78417384854022,104.8110646965338,102.7104415844697,103.92251505757496,1484868
2019-04-15,103.37523710839628,103.6159270407779,103.09542265721394,103.55539853761204,992581
2019-04-16,103.04120213387479,103.58248148965994,102.95050724550168,103.10954984827659,1880185
2019-04-17,103.73793258791942,104.55285091530573,103.00283547659346,103.76646279652397,1748779
2019-04-18,103.8512225252199,104.15876563317411,103.69982550931599,103.9516723126378,1291844
2019-04-19,102.56113610879451,103.66992244770657,102.30656661430676,102.47064889840354,1465351
2019-04-22,102.8714716094613,103.17681891549694,101.87317229833984,102.94034941598478,1956716
2019-04-23,102.66267195101088,103.78812440390614,101.88114169645038,102.5119500345192,1252870
2019-04-24,103.65277652757233,103.96254047137865,103.26951546569323,103.60907838873239,830929
2019-04-25,103.0286774506238,104.36744617876865,102.56410013968315,103.13659296114956,974863
2019-04-26,102.52550311665901,103.42412939614196,101.6144336852351,102.65884770263997,1520380
2019-04-29,102.89572353379116,103.30226191965738,102.765758758081,103.15063396534461,1997229
2019-04-30,103.8741221495584,104.00403628805314,103.63784644794973,103.82884241559383,1687882
2019-05-01,104.19316889090594,104.3905616481154,103.402653922093,104.24861678290003,1541583
2019-05-02,102.53243368349341,103.64806621750334,101.76547314186362,102.89857699979794,1187602
2019-05-03,103.30586944854566,104.40321217247322,102.09891442180991,103.38894994579462,1327258
2019-05-06,102.44449704508406,103.10981259565352,101.95201366446584,102.58314339963057,846047
2019-05-07,103.0656909816652,103.64446783354903,102.69430485163325,102.82266792094983,1245353
2019-05-08,101.4441623957445,102.4440113554676,100.76634491394783,101.70393131422549,1548162
2019-05-09,101.8928905318727,102.79067315749397,101.0939495657663,102.11366294650026,1886873
2019-05-10,101.671529120281,102.52686220297703,101.28882534369096,101.50253202640948,1906908
2019-05-13,100.71610764406088,101.31290454371693,99.82225263877872,100.5115520879023,1785430
2019-05-14,101.01965772920305,102.01347557011975,100.73939668052836,101.13267090075628,825797
2019-05-15,101.27785768919809,102.58732580714533,100.24336557859301,101.3739732661531,1773422
2019-05-16,101.01595715942156,101.47340036399612,99.90291028092923,100.92266897801323,1062341
2019-05-17,101.79054732588845,102.21253005098569,101.23673197269422,102.14710709415449,1539438
2019-05-20,101.54916713567219,102.03149915761145,100.3694149450518,101.83346483811422,1935666
2019-05-21,101.86256002473246,102.60509559765934,100.66390258110688,101.9054724294931,1865547
2019-05-22,102.40843557638036,102.86507116045796,101.96795398282377,102.17090499370643,1597293
2019-05-23,101.64494546989401,102.86175940188635,101.16429612629074,101.71142356122786,1159134
2019-05-24,102.15692453639348,102.94512957175586,101.38523537974143,102.14145978951201,1425060
2019-05-27,101.92531444559295,102.5862068112744,101.6021168183801,101.75226600411114,1644447
2019-05-28,101.78404180575647,102.7690522152007,100.96615912233439,101.46338432263235,1417053
2019-05-29,102.53287528601538,102.97815648664661,102.17365351410777,102.62167101737283,1285337
2019-05-30,101.81415942890987,102.82746481499908,100.64853212990434,101.81673081916225,1283411
2019-05-31,100.18831375033919,100.24193480696165,99.3923570190021,99.9152371310796,1519998
2019-06-03,101.02558324321457,102.02899630088508,100.08900386605825,101.25678274516893,842941
2019-06-04,103.54895565275659,104.71385108854994,102.87811400097213,103.38959386842942,1997783
2019-06-05,102.94383232331299,104.08700557337208,102.7363141508844,103.1013168318181,922478
2019-06-06,101.57740876347056,102.6253618844599,100.50288990379953,101.56179784672166,1981429
2019-06-07,101.31855794689136,101.86880728411721,101.26741289159474,101.35544408883186,842450
2019-06-10,101.02376161458504,102.17868480972967,100.90825912233332,101.16914343414942,1415142
2019-06-11,100.91198200446719,101.75171988670795,100.43866235844317,101.06101191790857,1301098
2019-06-12,100.2514815001386,101.01471735427292,99.36823601851984,100.2099323030444,1488636
2019-06-13,100.87135506715909,100.99013375099267,100.27479412193793,100.7209475704448,1320284
2019-06-14,101.17029978746447,101.4751294590761,101.04256242972839,101.18999179546881,1876786
2019-06-17,100.0429682209681,100.7268710334678,99.61679696987646,100.03244783462786,819998
2019-06-18,100.72505527466672,100.84352930999809,100.30498466661273,100.63883183845479,1982762
2019-06-19,102.20199255162672,103.27504893394412,102.14452154043342,102.35116201731029,1627322
2019-06-20,102.65196353731208,103.69497478527336,101.85629168704796,102.53819343704471,1734329
2019-06-21,102.43362284432179,103.56901424220924,102.11949234937386,102.30788495535236,967767
2019-06-24,102.63700642175178,102.8084448399439,101.84858521405641,102.23772318454031,878221
2019-06-25,102.73043891333947,103.95063408208458,101.92157199799934,102.78842765091028,1276428
2019-06-26,101.35103079288147,101.55029743405838,100.4552062186626,101.42071927159708,1187167
2019-06-27,101.71708795243762,102.32247210122803,101.24127647841422,101.59989767164032,1739549
2019-06-28,101.45310971136273,102.48416617449804,100.89434489001948,101.32861167897825,1875874
2019-07-01,102.8013477632277,103.01855721467949,102.45804716111708,102.8839255635147,1312955
2019-07-02,102.72475273055983,102.85985598760328,101.54298468832557,102.7869125007556,1722023
2019-07-03,104.29907595874279,104.38114877281856,103.93404668208069,104.214485450943,871471
2019-07-04,103.21653493093045,104.00412419870408,102.94749309096831,103.34482475342158,1690679
2019-07-05,103.81425498744272,104.89969553144975,103.23103627163054,103.87822329936122,919204
2019-07-08,104.20487002233187,104.40967497385277,103.91194653666011,104.19086790004735,1601507
2019-07-09,103.67022012302884,103.8706165164955,103.2772692695547,103.51557737105053,1258578
2019-07-10,103.61519271409833,104.43918204532393,103.44913748481456,103.70924641439909,1298316
2019-07-11,104.47773897732453,105.10193987643903,103.65633819538849,104.76727136666749,1131624
2019-07-12,104.2427231897637,105.47344363882529,103.4568429358971,104.54327425177922,1283889
2019-07-15,102.98923682534588,104.36261047145618,102.16770473639649,103.18416405207238,1849299
2019-07-16,103.0127941396954,104.17698259115247,102.04520010549264,103.21610422379297,1770718
2019-07-17,102.49597830504034,103.60518390251707,102.06005090220089,102.51975429051691,1208381
2019-07-18,102.10297522470044,102.94770518482018,100.97352508632241,102.28538281715211,1152536
2019-07-19,102.15685096406173,103.29462747704515,101.24440098551989,102.26465145059368,1410939
2019-07-22,100.80692502680338,101.18685540097026,99.82363928317841,100.9241109213813,1621798
2019-07-23,99.60701665921955,99.8010560808945,98.73136491286597,99.67287668776099,1018812
2019-07-24,100.30162706500357,101.10839926711041,99.64034669494677,100.10304699512899,1671450
2019-07-25,99.82920787363196,99.93876581648678,99.35570940670159,99.73018364164938,1938427
2019-07-26,97.75111592335345,98.8032636099254,97.2249206706586,97.7487509780576,1813467
2019-07-29,98.34064243079405,99.24053210178162,98.18173878769201,98.4086959233816,1457929
2019-07-30,98.603629489802,99.79752477129212,98.04260187827472,98.66774862609245,1183862
2019-07-31,98.19827330052091,98.60183840528455,98.05225148936889,98.15002081624857,1188195
2019-08-01,97.25032856410094,97.84266286437928,97.11219541005786,97.16518721803206,1690267
2019-08-02,97.72785251414841,98.74471386278299,96.63210459168955,97.8610831625148,1345819
2019-08-05,98.18451150188932,98.5077308226798,97.35174671467131,98.17913902812336,927787
2019-08-06,99.8084146917284,100.78739368599095,99.11362437389306,100.11350352098938,1613176
2019-08-07,100.52772967284095,101.34038313910048,100.05135497503007,100.49581514886323,965674
2019-08-08,100.96867117451673,102.15568911560078,100.14122864690745,100.85337319162626,1984282
2019-08-09,100.72178347159658,101.67744956432128,99.63870990349277,100.76411477249138,1300803
2019-08-12,101.74682093284822,101.93591788571953,100.65833220194673,101.47033552715949,1210397
2019-08-13,101.89006566581207,102.63364296752802,101.13317093413872,102.02492809966957,866270
2019-08-14,103.13172803433893,103.88158480341333,102.50092102120053,103.09810149333039,1001267
2019-08-15,102.709709488973,102.93978166580905,102.250030555951,102.71522910956539,1937237
2019-08-16,102.3887328383057,102.96404504288705,101.5150199029301,102.40413918275057,1444540
2019-08-19,102.04080784338537,102.44266755279126,100.83863643091117,102.05830913413003,1882274
2019-08-20,102.768754938833,102.96057453986558,102.1989556059442,102.75224701508287,1947101
2019-08-21,104.17048619485436,104.83597749530377,103.5168874988921,104.03815609867779,858720
2019-08-22,103.9179312827742,104.16783109041974,103.14120059922686,103.70361693644506,1256941
2019-08-23,103.39798022534573,104.15222508331219,102.84027678710872,103.39832923262887,1805974
2019-08-26,103.83194184808195,104.08648738200986,102.47183279940938,103.70511317976919,1394803
2019-08-27,103.43900596026624,104.46143814549814,102.54653939278852,103.5480058120123,1410649
2019-08-28,104.50657962364131,104.79347930701762,103.9032713282131,104.3866463422049,1484115
2019-08-29,102.45194909539065,103.67767812632809,101.96301998448367,102.56918436903322,1642355
2019-08-30,102.10570019050857,102.18752847467636,101.382937429457,101.9389291316112,1926504
2019-09-02,101.6845165281056,102.34576788357248,101.25498644969787,101.34844899180308,1864317
2019-09-03,99.51103858813413,99.94541720877423,98.85726214782672,99.52926496758539,1550108
2019-09-04,98.48442150556717,99.11454826428877,97.51623288305379,98.8093873240793,1492369
2019-09-05,98.05209481706362,98.71405348055247,97.25821312688926,98.13277069028312,1233194
2019-09-06,98.20023761623246,99.20023269830291,97.74644317375791,98.01911664750786,939592
2019-09-09,99.02234441726333,100.11413387832565,98.06242510847505,98.94026207388045,1650813
2019-09-10,98.82781269169652,99.22187467082568,97.9241578191316,98.79092708393118,803094
2019-09-11,98.17200750229028,98.39523117533466,97.67873230779026,98.02369739973906,1637806
2019-09-12,98.09437638193282,98.95580344340516,97.27198780835978,98.02314490741831,1396305
2019-09-13,99.0744842965782,99.78712560996341,98.14957943743929,98.89384600583038,1743773
2019-09-16,98.3042761411829,98.5806768696205,97.17173180026705,98.16888794135782,1939078
2019-09-17,97.72277977388087,98.62607066918402,97.29890900070798,97.5002305564114,1463584
2019-09-18,98.03368888282479,98.66774137293031,97.71242530572309,97.98095610780149,1487146
2019-09-19,97.98435405601047,98.76960505855934,97.25569923380955,97.85148259415774,1384847
2019-09-20,98.35859433233645,98.85977434531138,98.25948140506642,98.40392809796177,1247526
2019-09-23,98.34866297525689,98.98376315632578,97.82944760651363,98.43747239831164,906651
2019-09-24,99.28968987974459,99.54525500141342,98.08890929167937,99.03614235523882,837106
2019-09-25,98.29552353756547,99.19983571699302,98.0464720861901,98.26365594467377,1667609
2019-09-26,98.41705855292794,98.64397189805338,97.72929119245111,98.298380868303,1897975
2019-09-27,98.19522887356658,99.1232209043848,97.01043306190604,98.17700623731656,864625
2019-09-30,97.18484148225198,98.21171203141154,96.57081986397583,97.27041741553057,1192587
2019-10-01,96.1061739337125,96.97938608495079,95.50578949666661,96.10459067411843,1529846
2019-10-02,96.8850041893792,96.95508712585195,96.00716784420256,96.67676330872649,1645732
2019-10-03,96.52943341274886,96.88090016343517,96.19457076559083,96.44910480057837,1682340
2019-10-04,95.460896690304,96.26991351839304,95.25160968564013,95.70659559465815,1633084
2019-10-07,95.64513817373933,96.37912898318716,94.85228031806759,95.6760287759712,900635
2019-10-08,96.84500445881382,97.91718074663164,96.09889481859824,96.5867854166557,1104659
2019-10-09,94.85271171123468,95.34042661051586,94.48905341234213,94.88314028768863,1363092
2019-10-10,93.54275000378433,94.78681284084108,93.46220935655707,93.79606673306638,876533
2019-10-11,93.41251973000035,93.63478891829459,92.19515391933979,93.1480190993972,1211821
2019-10-14,94.3821840733221,94.83236119347978,94.20347776672487,94.28567431641784,1262000
2019-10-15,94.53167212487905,94.64571410437712,93.66908896278869,94.5416008165039,1973716
2019-10-16,95.11352840717143,96.02672314072713,94.6481504269063,95.16654822300903,1180557
2019-10-17,94.49807083816023,94.7090384154337,93.64817068937984,94.34489926248608,1965645
2019-10-18,93.46972767946379,93.86904703625115,93.15676326994198,93.54577806777475,1640307
2019-10-21,94.08553678004368,94.97136927005059,93.70895125204076,93.92376393201918,1630725
2019-10-22,94.086313365195,94.71191605520357,93.38619800224399,94.00985581424383,1783738
2019-10-23,94.50062913248429,94.5630644009715,93.66303477757165,94.46595796375291,1810774
2019-10-24,94.3872893033093,94.43690915950812,94.10735569319242,94.36669167715496,1066934
2019-10-25,94.59464160448978,95.22244648563212,94.07265627388963,94.61947468006933,1305096
2019-10-28,94.93054342961113,95.31092901670972,94.24982068052016,94.78188182215787,1433877
2019-10-29,95.29254230727182,95.66195602545643,95.00821221080503,95.41639414638118,1972113
2019-10-30,95.84388064079212,96.80362099648238,95.17315858612027,96.0776267161378,848730
2019-10-31,94.97072973807676,95.26770505475044,94.67659910673486,94.88327959711262,1372142
2019-11-01,93.32292229606642,94.00514852806653,92.64147281364646,93.23464237640898,1057106
2019-11-04,94.09485954481354,94.55230720261723,93.85745759013948,94.02712600177586,1048167
2019-11-05,95.02561829225384,95.2772063615748,94.38977926939398,94.96753685380178,1714113
2019-11-06,94.19237236408111,94.4344703898511,93.80774825454003,94.23768283784686,1042271
2019-11-07,92.99744088651407,93.29725505124058,92.35818235938508,92.88771967747034,1752077
2019-11-08,92.99682822906333,93.08159192900611,92.48645069619086,93.00318380531789,1992706
2019-11-11,93.67201656931714,94.11954598815781,92.64712940600079,93.74050997973042,1731685
2019-11-12,95.09660242620213,96.17553270272218,94.51325519890875,95.14111295605609,1003906
2019-11-13,95.86758774576421,96.83207937748045,94.63045643829946,95.57789501228335,970865
2019-11-14,95.08887490714385,95.79251023063989,94.79457459982636,95.33698599279154,1324550
2019-11-15,94.77182802268572,95.44680119040109,94.2700429438697,94.70083249836134,1461241
2019-11-18,94.51348838741153,95.4177376033576,94.38461661121616,94.75213734018283,1734012
2019-11-19,94.55275385281189,95.51667065228122,94.04797455508998,94.5681069856888,1307250
2019-11-20,93.78445221678176,94.14742569399897,93.01635298569578,93.8454931945923,1000476
2019-11-21,95.14074697435436,95.81225731072661,94.17612246715103,95.43923723974196,1989783
2019-11-22,96.91211327846392,97.29690597272402,96.17682650512612,96.85559257892851,1885467
2019-11-25,97.728116606127,97.8787098091888,96.95989193818448,97.78385898855252,1584883
2019-11-26,96.80406060240847,97.50982773032995,96.55831658347617,97.10984099361684,1634551
2019-11-27,97.94356384270982,98.98137467092606,97.72960901113198,97.82037354632415,1922242
2019-11-28,98.57819400647303,99.66135719889508,97.42170712504677,98.36645929128818,1369837
2019-11-29,98.98050804200298,99.1547935615946,98.5206701584462,98.75976155490443,974420
2019-12-02,99.85067919361782,100.42658528286158,99.64241451382912,99.79694505933824,1527152
2019-12-03,100.35758182353618,100.84788003078351,99.21849619940032,100.35064887739773,1341047
2019-12-04,101.19313396109668,101.8132081215758,99.8223976422252,100.99193430179668,1759702
2019-12-05,101.80979341864311,102.51017093707401,100.7830331241864,101.55351546745905,1725929
2019-12-06,102.04982208824188,102.12462213212471,101.38205343038712,101.87659590722798,1365730
2019-12-09,100.33655077581037,101.5019091913528,99.3249321130534,100.47845714423336,1241429
2019-12-10,100.62133251802753,101.7983140136643,100.30383761591028,100.59095231223543,1306465
2019-12-11,100.2554909932595,101.05895407157115,99.64460733326624,100.18943867957874,1559010
2019-12-12,98.9441883226327,100.01664912757859,98.48848117950372,99.21349596138869,1564432
2019-12-13,100.67347705254404,101.33507982423787,99.4964169201059,100.60264866423907,1414042
2019-12-16,102.39769855763807,102.84252892947535,100.91931101387078,102.04976114823843,1438253
2019-12-17,103.3109897654462,103.53964229472345,102.38774963803264,103.21191620856101,1990315
2019-12-18,103.69809053955919,104.44645149883388,103.28590656293964,103.46941076453489,1104482
2019-12-19,104.66924767834853,104.77567810547924,104.00796247184041,104.64053723490527,1008647
2019-12-20,104.68623242308583,105.74280078076761,104.33854052965945,104.6977311116812,1759000
2019-12-23,104.97493098102434,105.53554797742673,103.79480198521128,104.91492938957141,1922418
2019-12-24,103.92064355798964,104.59627006413882,103.70327979485474,104.04797121937386,1530424
2019-12-25,104.27496205549356,104.87103857559153,104.15769775198793,104.42592673112468,1281885
2019-12-26,104.7219484309186,105.9417046264855,103.62441177876524,104.52341072392272,1218209
2019-12-27,103.6993921009096,103.95983778617044,102.89516817077042,103.48636402202452,1361591
2019-12-30,103.33669214416425,103.72237030697278,102.28873447370292,103.49054734678272,862946
2019-12-31,103.6213497350425,103.8704152824683,103.33057119030794,103.47110986905383,1434322
2020-01-01,105.00337399244825,105.86488217781199,103.9835417928426,105.01707241553144,1123511
2020-01-02,105.87257210575419,107.133175241323,105.72029247428644,105.81863498649025,1118439
2020-01-03,105.94904715281878,106.28892793061564,105.78884273665257,105.87595801879634,1472423
2020-01-06,106.29294501043086,107.45308999508639,105.51851694478718,106.13464246330446,1956388
2020-01-07,106.23315654728202,106.62665376589247,105.89655317979383,106.21997705902561,1047032
2020-01-08,106.31983857989403,107.16517157080594,105.3179786576723,106.09542098407307,1893784
2020-01-09,105.27684307633253,105.3785129186563,105.14414901624198,105.2280047326826,1423286
2020-01-10,105.24667629460457,105.89920786703996,105.05286117621426,105.14822848885342,1967486
2020-01-13,104.43883539600768,105.40897388290801,103.51327674415788,104.56953622012763,1258654
2020-01-14,103.91076497065893,104.60360843382539,103.27327006343779,103.57538905036769,1996303
2020-01-15,104.1199924762167,104.45683178502622,103.2092164079858,104.04666690028745,1591955
2020-01-16,104.53151037125399,105.57972255585443,103.4670962498879,104.41983376231276,1603760
2020-01-17,102.73581424112922,104.18468393460532,102.61434882437142,102.98424093370117,1475862
2020-01-20,102.80250122166476,103.52453206789768,101.84107470484572,102.92952171028318,1342022
2020-01-21,103.99212900465773,104.8046269491743,103.42707941825711,103.79939164405963,1430137
2020-01-22,104.77488999433416,105.77965526660248,104.20828959867117,104.72982091117447,1820880
2020-01-23,105.33711188958996,105.9865671042536,105.17949062727756,105.64037048992512,1750819
2020-01-24,105.88547902597193,106.99104830750913,104.64836778551202,105.72082572302384,828565
2020-01-27,104.97009819482727,105.44683975153373,104.24072595447511,105.05578949256291,1633542
2020-01-28,104.4163930608868,105.40020997989605,103.5389990700415,104.19581307960209,1801284
2020-01-29,104.51671638036234,104.71750844101857,103.30031108476763,104.53048863996904,1692965
2020-01-30,104.92754237648482,105.32799279017108,104.43937247458703,104.89533321242344,1396743
2020-01-31,106.21640242978981,106.92132131195572,104.88972712407659,106.02889754844816,1202616
2020-02-03,106.87013076142581,107.71370693865578,105.93219460954204,107.01419749647792,1607864
2020-02-04,106.78989468697408,108.04860395284871,105.59618938845274,106.94917090136894,1596416
2020-02-05,105.90635340427306,107.20411110061808,104.74776716982959,105.93757825445476,1248855
2020-02-06,105.84620809715132,106.02963160846352,104.45736596514048,105.71504118727988,1287620
2020-02-07,105.73508014448157,106.330211703293,105.52209980721648,105.9465829904227,1242347
2020-02-10,105.55827602727472,106.311146853936,104.53919653181673,105.82305079255643,853996
2020-02-11,105.51256368657353,106.14643692197114,104.3546996683902,105.38235520958257,838060
2020-02-12,105.54774565480764,106.29616814317328,104.71283178950318,105.64329657986626,899695
2020-02-13,105.20366295318355,106.35469825726423,104.81368338770208,105.26559481000857,1308547
2020-02-14,104.49330481537122,105.76609315388875,103.28126553876174,104.78515406141642,1412498
2020-02-17,104.98681143041779,105.1691768019636,104.68750929760944,105.0938462519239,1290025
2020-02-18,104.80237492800849,105.4043772080153,104.14787185030798,104.80356454749989,1946204
2020-02-19,105.20230525841575,106.0026685259817,104.37313549054188,105.0556930225077,1069749
2020-02-20,105.21109247784823,105.94330334219465,104.9626851467098,105.33294639648724,1271556
2020-02-21,104.6837393227768,104.89336018258204,103.5042535186901,104.42413422312076,1096787
2020-02-24,103.96284013206986,104.59743490652721,103.80461156000322,104.06970244468452,1159698
2020-02-25,105.21311322658518,105.87228365518202,104.32189245651861,105.32102912387873,1500967
2020-02-26,104.63413652340455,104.91233076642433,103.3224214762479,104.39340154704956,1171890
2020-02-27,102.71933584336114,103.66410020294157,102.22281975547776,102.68676460502742,1181325
2020-02-28,101.13033120547986,101.63884571364926,100.25471048449361,101.21414026801025,1604992
2020-03-02,101.2597123527858,102.01995008206875,101.02652125046079,101.28328094154885,1796302
2020-03-03,101.55964327227491,102.21276288574461,100.31724432527419,101.35393427660051,1055079
2020-03-04,101.52699191386867,102.60220452755664,100.14442584115585,101.30419317336263,933662
2020-03-05,102.21366545711855,102.53381900025433,101.98307373018481,102.33905021440073,1087376
2020-03-06,100.2127067457338,100.40088564866363,99.36526962075479,100.21908576221111,1493173
2020-03-09,100.59588419706256,100.99360774971888,99.9468978583514,100.58228192787529,1951625
2020-03-10,101.74169183804707,102.4486553583751,101.06895111796675,101.89242743639058,992053
2020-03-11,101.01427531480721,101.42005965695559,100.14306438731899,101.02271349748713,851320
2020-03-12,100.76236369126919,101.69710101826388,100.14484647249438,100.76155918169157,1433888
2020-03-13,100.37293944981535,100.7062335361647,99.45969561566532,100.20156329141162,1989118
2020-03-16,99.71224833039253,99.85931487689741,99.21792281377992,99.53198222071646,1463055
2020-03-17,99.2681713805961,99.83949484644833,98.78644023148323,99.31721562179841,1909360
2020-03-18,100.47086921006353,101.44723610436516,99.4209220999145,100.50312364897232,1570757
2020-03-19,102.13891963239159,103.18905708918912,101.85726445379424,102.03724579703271,837923
2020-03-20,101.71982494001954,102.71870020812158,100.96993464184698,101.80919128412064,1312909
2020-03-23,103.510539668222,104.22638717645614,103.14833850538722,103.41922460612491,1724054
2020-03-24,103.48157865006974,104.40890252543768,102.42242343994128,103.49522550266987,1411369
2020-03-25,104.85200223526235,105.88000628403982,104.10136617779139,105.00468933000093,1033758
2020-03-26,104.8229078352127,105.30898495067898,104.28463580920727,104.97357168611978,1017143
2020-03-27,105.35918463721029,106.07918056939245,104.77638345460723,105.13098857036067,1596245
2020-03-30,105.46152757667977,106.47384136402876,104.87898825605282,105.48627805614407,1355618
2020-03-31,108.51834283335693,108.96835620488002,107.00572995026155,108.25198545209349,1488959
2020-04-01,108.95677471484322,109.9153681356156,108.26425560603484,109.04078566696631,1247636
2020-04-02,108.52174730224677,109.17689579468889,107.83446051526867,108.47436485339466,1206851
2020-04-03,109.76025084091786,110.45023964580268,108.37443442446414,109.36772841387995,1599357
2020-04-06,108.9276455830025,109.26822662470548,108.39836165281619,109.10068801501357,809315
2020-04-07,108.41347791287953,109.61032432536523,107.82637822899996,108.72298199042017,1321786
2020-04-08,109.77689005932108,110.9246514551685,109.08610360578028,109.56544133599154,1244830
2020-04-09,109.50604025228377,109.8751691315259,109.26123104693502,109.64201978271882,1735209
2020-04-10,109.93268682237927,110.45392407428965,108.9753043838156,109.9361013877949,1674099
2020-04-13,109.90121518669685,110.1144519311318,108.74287225829283,109.99788983684682,1311190
2020-04-14,110.38850539382454,110.4813163719782,109.13978957787477,110.34412011465653,1115254
2020-04-15,110.61179763154023,112.08579685430712,109.43607897486619,110.76973359520407,1082925
2020-04-16,109.08614513993587,109.78937688033423,108.46484350275274,109.11559654498349,1053507
2020-04-17,109.82244396174586,110.32636080999289,109.33499820292532,109.74839419708364,1128426
2020-04-20,108.7738174225265,109.33741659725784,107.92145239692664,108.93858303452426,1712693
2020-04-21,107.62416390578201,109.00538535947514,106.38873466774187,107.73730165220779,854342
2020-04-22,107.67930073259512,108.10183462964125,106.72514557022112,107.73543889565896,831352
2020-04-23,107.62520923722641,108.81042882828658,106.95892756281617,107.85636950536974,1447902
2020-04-24,107.23989543012864,107.7117347105604,106.3367962481383,107.30791163503251,1068146
2020-04-27,108.09157824126633,108.23324623204694,107.05814956014478,108.07232031469735,1797057
2020-04-28,106.90212873409338,107.86022579001248,105.71855149919477,106.9662361037248,1702644
2020-04-29,106.62313736475478,106.72189134236935,105.63399652706315,106.66655755921006,1722934
2020-04-30,106.21324708878277,107.09494536658981,105.63101884673212,106.2164179150741,1348433
2020-05-01,106.12014479770754,106.58359712642935,105.73318034670142,106.224628956689,1325347
2020-05-04,106.62019754993145,107.5883301257939,105.84424891258463,106.50979015661808,1310702
2020-05-05,105.92967329098725,106.92034104067882,105.25021943701485,105.70199466286158,1035344
2020-05-06,106.29000045158354,107.30299118502518,105.08448128805871,106.36409054871032,1480791
2020-05-07,106.54309771570948,106.62636749407937,105.7904492318481,106.46561232548919,1836181
2020-05-08,104.87582000941448,105.81504755360628,104.25404820317384,104.91352863136036,1107957
2020-05-11,103.38561405067318,104.61452519924899,102.86354573932086,103.32896590655105,868137
2020-05-12,103.60805768032743,103.94894805570209,102.55354056168105,103.36528680485344,1477648
2020-05-13,103.3079308388308,103.68539152795736,102.56018220276391,103.22916808663318,1279067
2020-05-14,102.915722226328,104.20721771245573,102.7115309895349,103.1902207830274,1756944
2020-05-15,103.28384665145144,103.52600216347031,102.1302407516322,103.21355889418535,1827938
2020-05-18,103.63781734862803,104.47694293581476,102.96769670722952,103.44651416360202,1940766
2020-05-19,104.24599629898123,105.23824737094021,103.67528575263471,104.28065859080414,1271812
2020-05-20,103.55878303978251,103.65481802982451,103.1080824086617,103.40435357949073,1882097
2020-05-21,102.3794064221432,103.18939412907456,101.67666604880567,102.48549667313841,941450
2020-05-22,101.41225143800139,102.36266479166277,100.5427799903676,101.63873391703842,1247282
2020-05-25,101.94136206707039,102.34806664420545,100.83602628230192,101.91978019401596,1119139
2020-05-26,102.71492392957094,104.07564834642372,102.60260637771536,102.98626339087502,1907720
2020-05-27,102.64076540719576,102.921206764116,101.44055440411405,102.67769410927299,1520035
2020-05-28,100.88282580057279,101.35578861499364,99.82316347870814,100.68847053171078,1239028
2020-05-29,99.08525109302828,100.38941501451023,98.71175569238294,99.36991054669238,982443
2020-06-01,98.5647777296067,99.02019675589364,98.28372423978033,98.75431146726427,1739587
2020-06-02,98.20665513767878,99.33717789661803,97.82315706275587,98.35891950246747,1585922
2020-06-03,98.07290580158924,98.22044846783052,97.03619220344954,98.0822216303599,1823555
2020-06-04,98.10281353360928,98.75798071874237,97.72502087483693,98.15665984079939,1325794
2020-06-05,98.16181660908734,98.29593535612031,97.38589080811052,97.95623540992331,979888
2020-06-08,98.96794573005467,99.78897304291033,97.9749857385944,98.8264734104008,1201267
2020-06-09,98.41074679714694,99.35469452454984,97.30240305459873,98.33769080039849,1544089
2020-06-10,97.72693948672239,98.73092481800882,96.91676333141689,97.70559614170348,1089110
2020-06-11,98.18264919646523,99.33968418541058,97.22587376430609,98.1247708238436,884852
2020-06-12,96.84491589485843,97.76818504866075,96.60345651830052,96.97029592096852,1787995
2020-06-15,97.44199006138352,98.35250867511158,96.28625450945171,97.31685853331797,1436638
2020-06-16,97.27803357553942,98.05602701846993,96.9209482287353,97.44057091608249,1276008
2020-06-17,97.49152042676477,98.5635834318044,97.1770739310664,97.36951005385498,1463414
2020-06-18,98.83452280905802,99.61563392431623,97.50203224723616,98.65898738183361,1686175
2020-06-19,98.24436735313978,99.29173494952447,97.93645332311553,98.21330278962105,801615
2020-06-22,99.86404423611994,100.21086564539232,99.65717610257644,99.89044723802327,1328426
2020-06-23,99.81524138055433,100.43534201832458,98.98730145010437,99.75534180295851,1105085
2020-06-24,98.36184343262256,99.66435427137671,97.95197688825382,98.78585976124204,910240
2020-06-25,98.93045375113226,99.21055556239511,98.68453478691917,98.88562026401002,843166
2020-06-26,98.06532363111499,98.36942085366623,97.33837589493481,98.08200061144315,1328607
2020-06-29,97.5303759702292,98.68360748161624,96.6303334647255,97.53778320110206,1452749
2020-06-30,97.99586921627242,98.53465238169522,96.95022666313312,97.89212326450796,1409225
2020-07-01,98.36141334872626,98.62731712916802,98.1363235909172,98.37244615129188,1739549
2020-07-02,97.76059971028813,98.3503368434529,97.08566333744473,97.92808712488592,1349410
2020-07-03,98.72819004782367,99.24977603865803,97.75499653538768,98.74913513499835,1507867
2020-07-06,99.72276997261274,100.48719291734538,99.47809165733337,99.71266576650547,1779490
2020-07-07,100.92780989224183,102.04958904960337,100.6189486727864,100.91041284953974,1588750
2020-07-08,101.40894259600358,102.61021121561375,101.33081481404096,101.38431846895489,1893021
2020-07-09,102.70221641903025,103.52327295748334,101.872408226642,102.54234740649886,1065916
2020-07-10,100.8918439496082,101.92041276890093,100.61551738076753,101.05647017723842,1744134
2020-07-13,100.87173253459176,101.29549825902488,99.95481406971038,100.84515472506095,1636090
2020-07-14,100.38704869487982,101.42678986832357,99.03440523423154,100.19318544661968,1499338
2020-07-15,100.07287550219675,100.63540755774932,99.7825953007441,100.33393610083697,804494
2020-07-16,99.94817720177684,100.12042563824173,99.12541705868448,99.92125142004134,1449739
2020-07-17,99.74577248237797,101.00072981388111,99.45290928817626,99.833433000563,1830159
2020-07-20,101.33727459650433,102.45196201454308,101.26562115005603,101.39365611836848,1573539
2020-07-21,101.1641691921206,101.70604495490782,100.23109430180799,101.30165694105308,806119
2020-07-22,101.65744185915472,102.52366049032622,101.09923537861788,101.6833025742441,1145396
2020-07-23,101.8206597699721,102.41841944853684,100.38387256329342,101.54021752655575,1483215
2020-07-24,101.4546815559953,102.07601390992363,100.78058746884098,101.64747077827869,1774216
2020-07-27,101.51969669324932,102.08435702450672,101.28507929433556,101.6981173962592,1333908
2020-07-28,101.91005115592013,102.3202470666861,101.33197596206203,102.10946091157243,1828217
2020-07-29,103.37939014558414,104.08414377658555,102.82007000163676,103.11221326144037,1755029
2020-07-30,104.45467509670901,105.11626635961179,103.34773374151608,104.52716568521183,1120660
2020-07-31,104.82952902003059,105.50346230291665,103.94420312243545,104.8335607710172,1033945
2020-08-03,105.31290593096531,105.69023644523689,104.84697570145198,105.37657175921062,1883381
2020-08-04,104.30984798092226,105.63757558810813,103.62453919414938,104.45782652271673,1507047
2020-08-05,104.39456491268207,105.25053946988466,103.5386315611149,104.43140057974183,1818479
2020-08-06,105.65544718628261,106.80132357194223,104.26694753254002,105.26728822900932,1906565
2020-08-07,106.26823283190461,106.45490556602907,105.89602986262857,106.04679584077597,1309384
2020-08-10,106.1383167905813,107.08864193878966,106.05776134435335,106.274284825461,854880
2020-08-11,107.18275692473297,108.28339638887799,106.8842677309281,107.07874479155993,1890800
2020-08-12,107.4142191287984,108.01142154075012,106.87258748675065,107.54836249766808,1500288
2020-08-13,108.34547588486302,108.93304945312529,107.7097993245891,108.63493927071582,944526
2020-08-14,109.10230845187819,109.48937562300586,108.71029509156811,108.93571672309396,1435753
2020-08-17,108.8641738673948,109.26030205818489,108.10688251190867,108.67506412065244,833583
2020-08-18,109.18753905825962,109.80366120395685,108.40831753164969,109.01648365107282,1147759
2020-08-19,106.46319042407316,106.99091492745627,106.27639707473308,106.53827837615411,1217440
2020-08-20,106.8864689101405,107.3002033188404,105.70627239281416,106.91321470492588,1345222
2020-08-21,104.0013772271157,104.82900889583212,103.1168183621509,103.88454364853794,1478522
2020-08-24,102.56835862152131,102.68219639896827,101.99888450987325,102.50816131309644,1807273
2020-08-25,102.86484439232562,103.37995001904821,102.21376829181342,102.92561746200977,1221731
2020-08-26,103.11503811582789,104.23767175325327,102.690898010149,103.36607376160339,1682393
2020-08-27,102.47287910241292,102.73134358809413,101.39754641896545,102.45537841325137,1930481
2020-08-28,102.08417938208153,102.39458372621395,101.1943035544489,101.91922164820875,1698220
2020-08-31,102.90403809241029,103.37866590063607,102.26692812939862,103.08922576666592,1105652
2020-09-01,102.83546894000489,102.88798189560504,101.6094749303202,102.73703257490074,1613278
2020-09-02,104.69623875230108,105.31900644075458,103.58344407757623,104.64419788017443,1137456
2020-09-03,104.80748962720556,104.90684986057178,103.65878784613186,104.68969044300931,1373494
2020-09-04,105.21670110572032,105.59956446211994,104.75409290500862,105.07926129365536,1561793
2020-09-07,106.38426591468823,107.76677994062835,106.14374004893733,106.49520173874731,1151874
2020-09-08,106.39618933285732,107.83464314505007,105.49861937854389,106.654874235059,804636
2020-09-09,105.76596707729742,106.1654105998095,105.14307047702357,105.85067718192238,1804596
2020-09-10,105.94651358135836,106.37718912207382,104.92058343957336,105.80540187163938,1673068
2020-09-11,105.73683866320238,106.44009605479532,104.75906757623821,105.82287327880155,947762
2020-09-14,104.61188297346862,105.79018381909913,104.20430405816731,104.72090424015295,1252963
2020-09-15,104.26819058956487,105.57118792361356,103.8747366597292,104.55383433243122,1114031
2020-09-16,104.25502747649938,104.45850999127336,103.34274078797151,103.981662666314,1973297
2020-09-17,104.93039538045312,105.13303294705445,104.41850866954384,104.80059246221485,1930169
2020-09-18,104.99791552130436,105.55360868594278,104.01954716681956,104.87679918197561,1629701
2020-09-21,104.83885842715961,105.94030564112637,103.73556446284435,104.68689617651985,1328927
2020-09-22,104.73561132168412,105.85041481095145,104.02470383406192,104.64508677687614,862657
2020-09-23,104.84079006944722,105.0611623606046,103.91570667272191,104.87922760186534,1096304
2020-09-24,105.41957206706493,106.19460315404162,104.74804601489987,105.4454743425241,911153
2020-09-25,104.58548113432347,104.89228187967751,103.67579402542312,104.65259971777535,1747390
2020-09-28,104.24124867607091,105.11588352473026,103.51035744860106,103.83089743052936,905801
2020-09-29,104.88710107639334,106.04494793404234,103.85686089785473,104.7997119452727,1613013
2020-09-30,104.42889252846139,105.1003724894914,103.51786256961086,104.50159435683834,1943146
2020-10-01,103.44246796187181,103.59302349933432,103.0016752549798,103.37029015695278,1169522
2020-10-02,103.62728243232877,104.52789726595535,102.91291051761654,103.78465144978047,1620861
2020-10-05,104.45217060753792,104.99510690147982,103.1397824358538,104.21697789239268,1854939
2020-10-06,102.89275518627637,104.00684460820855,102.54605697345701,102.99488528981333,1313127
2020-10-07,103.30817683184179,103.76417512998275,102.30525084588241,103.23058581771028,1338612
2020-10-08,104.05270374301017,105.15163741575485,102.69494922699354,103.88659256744945,1040579
2020-10-09,104.30527395999022,104.68573315098526,103.15451899316515,104.24510860197431,1313009
2020-10-12,104.8355033050709,105.07782562405832,104.28423201811873,104.82064969619191,1848367
2020-10-13,103.6980013613442,104.11533649174555,102.92037310305474,103.6963211566536,1596018
2020-10-14,104.00929756292838,104.11187951501343,102.7710297915605,104.0181039067493,1041867
2020-10-15,103.72348703882527,104.20096343217661,102.99358172488691,103.81329049045993,1431848
2020-10-16,103.38989480460879,104.2967784288802,103.2014339024851,103.4596499020299,1648015
2020-10-19,104.46092227120104,104.68407736071708,104.12302667489791,104.22959660951162,892809
2020-10-20,105.50069108151288,105.70576528708263,104.48908537605008,105.51786991294559,1715989
2020-10-21,106.9654507847564,107.3082646633157,106.39086171925833,107.09167914769068,1041498
2020-10-22,108.18892437052962,108.423474672387,107.82775206502788,108.27277583148059,1153587
2020-10-23,108.40509252769337,109.54966680056879,107.73963136965652,108.22645869465843,1299613
2020-10-26,108.69116691460272,109.9256076945179,107.58112053566417,108.58112971739237,1405897
2020-10-27,109.39031487807759,109.50358343457665,108.65901664016283,109.29845021189367,1899215
2020-10-28,109.41142119579948,110.46514371980935,108.26394220167307,109.45370116832444,1067587
2020-10-29,109.71185479660255,110.6967650060882,108.63632131584771,109.61757888789423,1107016
2020-10-30,110.28544619484211,111.7127928420418,108.99497824215211,110.39201220618358,1254715
2020-11-02,110.280158120198,110.81963085910722,109.09819817838017,110.32312026520204,1828731
2020-11-03,109.82441586102081,110.23992043865921,109.28903192601379,109.66488561375452,1958161
2020-11-04,109.42878738739977,110.05367439236547,108.40253151762619,109.28546861863455,1345391
2020-11-05,109.66286209537536,110.96137120433103,109.58212337275914,109.8246189073247,1631765
2020-11-06,109.66985694800266,110.78576685402982,108.36503489361209,109.81077598350512,1900715
2020-11-09,110.11148867667676,110.76375322390544,109.70803731385246,110.09353756985973,1815937
2020-11-10,110.95523506872125,111.322771255563,109.76727946635381,110.66869185092195,1617520
2020-11-11,110.00378392296886,111.2982910576302,108.87456574917317,110.32077386998276,1448719
2020-11-12,111.01992012815924,112.16642939155355,110.71331752196824,110.97358872041438,1981217
2020-11-13,111.06401827274013,111.86127141136491,109.92554406513946,111.2937357771832,1086847
2020-11-16,110.07836488838599,111.08546461617222,110.00782390296872,110.18320382010955,1235317
2020-11-17,111.38427014091816,112.0138330365752,110.76244104498463,111.44519083281226,1655455
2020-11-18,110.91298650381452,111.64918518476624,110.2554463323061,110.98299041398751,825071
2020-11-19,109.41906818752618,110.22253708930697,108.89363309491507,109.50674957495876,1400681
2020-11-20,108.57993698984859,109.6028519484348,107.79228110687777,108.57876318929576,1825321
2020-11-23,107.5928580489848,108.94360910765762,106.40711083590693,107.67931197570371,1012218
2020-11-24,107.47183004845344,108.31237302234298,107.0139597704518,107.70810782499944,1763723
2020-11-25,107.58198193654593,108.05928258592971,106.68673217759705,107.45627910642112,1294915
2020-11-26,107.27204389538936,107.78655243205719,106.01622009772669,107.15103734484227,1832613
2020-11-27,107.80359224577485,108.02348185227025,106.65648111795208,107.66741864363469,1561808
2020-11-30,107.69490172132787,108.36695228880323,107.59060647354201,107.94437214809707,988607
2020-12-01,108.24992579966262,108.41166691238953,106.97418020227599,108.20141075094962,1682398
2020-12-02,108.65051937131341,109.23949037119903,108.42796717253783,108.54046278455061,867382
2020-12-03,108.89173252969859,109.32485638759884,108.10001096479786,109.06042753739078,1091864
2020-12-04,107.22208484215737,107.70283409990623,106.45756688825914,107.2206095002656,1866069
2020-12-07,106.87378531984231,107.92138926659857,105.85383666920482,106.89242735574891,1851196
2020-12-08,105.31867056398552,105.6691887912397,104.79664542855085,105.0284532126045,855603
2020-12-09,105.34623074987604,106.14020297295784,104.77379855516062,105.04299849838694,1255461
2020-12-10,104.76115616849948,106.16428083097787,103.80267228430107,105.02335059601965,912959
2020-12-11,106.28571378211063,107.03180608203618,105.65459114578843,105.88959241090201,1125364
2020-12-14,106.7376829888393,107.17606447305864,106.10807806808091,106.88441804171272,1960945
2020-12-15,107.19934889251134,107.67797374936055,106.08772283587913,107.04188920932842,1034144
2020-12-16,106.75345805777091,107.53161026237363,105.74663421506645,106.59827793751803,1569742
2020-12-17,106.83696643362548,107.67363446446389,106.52479435823939,106.99676989075128,1765005
2020-12-18,106.6086798679303,106.84419210016246,106.10421361896842,106.52985824569805,1857174
2020-12-21,106.49551271522327,107.11322866817132,105.25556294888402,106.51269327830339,1224997
2020-12-22,107.42945545191483,108.15409581168599,106.732687962464,107.34020260940027,1636245
2020-12-23,106.88324090137795,107.26527647141081,106.7382217235079,106.84627118831426,1380078
2020-12-24,107.71398354471894,108.52648341734687,107.1957605825233,107.5210360533112,928803
2020-12-25,108.10130713848302,108.24257837438041,107.60938260825436,108.08908233734205,1067383
2020-12-28,107.22351128091164,107.71930811716481,105.93745874598106,107.25051815230711,1697803
2020-12-29,108.25085750569089,109.30621498787526,107.6429405861595,108.0731747935247,1623309
2020-12-30,108.75713619962252,109.13580410040122,108.57521922824395,108.66253525413332,1425312
2020-12-31,108.854224582901,109.66622634773243,108.03911343826135,108.73486413789234,1737240
2021-01-01,107.94982275621143,108.62110017241831,107.79205820020516,108.05754316074389,1629512
2021-01-04,107.13300710088515,107.74539523857248,106.74178120836702,107.30124409616235,1207310
2021-01-05,106.73370536376156,108.0035407098551,105.46225007554028,106.82467546432188,1152743
2021-01-06,107.17339461528297,107.7503899532219,106.25134514439539,107.27329094497944,1934095
2021-01-07,106.56587110244455,106.90920213452135,106.32510675006225,106.44034611903363,1966206
2021-01-08,106.9538787027654,108.1257686222152,106.19306662842048,106.79752967440585,836732
2021-01-11,105.70138851072626,106.68580907866146,105.43990109730885,105.7259904659944,1748904
2021-01-12,105.76422045898937,106.64636774434607,105.33571186250605,105.53769661305957,959531
2021-01-13,105.83126489468343,105.94446750124814,104.84863247983374,105.61446964082013,1833474
2021-01-14,107.72389845288873,107.9403003655588,107.0045502436548,107.68458298667073,1506544
2021-01-15,106.35731298828195,107.3235635937157,105.39552745289713,106.4885961396775,1625329
2021-01-18,107.98845192364642,108.30253391929043,106.57448941996925,107.73386978941706,1641688
2021-01-19,107.83704300088127,108.18068240171972,107.47720789560579,107.8469138003763,1525903
2021-01-20,108.2064917165555,109.23013518343942,106.98359422670404,108.18601775128451,1100819
2021-01-21,108.21709821326262,108.68240303287065,107.51835064912828,108.27225291509819,1768626
2021-01-22,108.49685137570195,108.78561484712928,108.11965105304861,108.64185408189154,1464885
2021-01-25,108.25308441217281,108.59178874118507,107.1460302241092,108.49208804975348,1454069
2021-01-26,109.84919852907818,110.4639747154459,109.64530364084011,109.74501731139124,1182063
2021-01-27,109.20011199057531,110.15915110182597,108.44287933776204,109.3285841826799,812049
2021-01-28,110.81305099344382,111.97572149120644,109.33626940634969,110.30682025144785,1464907
2021-01-29,109.54444772779974,109.9178753747018,109.13697049110613,109.72319892943523,1214109
2021-02-01,109.44705886689812,109.9567093729472,108.3055088540394,109.65387415641526,1591193
2021-02-02,108.78440864918552,109.5015923843449,108.34650785979683,108.701229590712,1237421
2021-02-03,109.33150955677567,109.84397325574491,107.97317224403457,109.08128034826625,1967369
2021-02-04,110.34382612918229,111.01131587138899,110.17830970120524,110.33313656002247,1617049
2021-02-05,110.34297275715545,111.57080684465546,109.99045028058227,110.2483395921507,1346836
2021-02-08,109.7539691355088,110.80299824220602,109.21822459292028,110.058315721085,1649838
2021-02-09,108.95409518843354,109.6401304584309,107.82951041600671,109.06493431677814,1577859
2021-02-10,108.67343429879725,110.14169287277316,108.43840281760461,108.84872685667213,1544652
2021-02-11,107.1489712319512,107.58873369980188,106.016670218468,107.45441780473033,1493647
2021-02-12,106.67524953601205,107.87207165984003,106.3214289716111,106.65653447646719,1918251
2021-02-15,106.47477349313472,107.50394491204935,105.86745772008108,106.83418949984866,1181065
2021-02-16,107.73719090448772,108.63064887495455,107.24629224975614,107.95129004483455,1318815
2021-02-17,110.29931089155434,111.61385630678686,110.09432496007985,110.38826072444401,1103676
2021-02-18,109.71799659747117,110.5508241598534,108.47164821211597,109.85497792821184,1483405
2021-02-19,111.17304493682595,111.78913054781987,110.49155215801773,111.10697930994644,1985444
2021-02-22,111.35817407504993,111.76280723094365,110.36785431198876,111.307154182747,1530045
2021-02-23,111.30490791703576,112.20385007598964,110.36494306006828,111.15588143588964,1048222
2021-02-24,111.65036509355885,112.43760272349454,110.82527241197504,111.52450126273537,1905815
2021-02-25,111.75392965944324,112.08527699043304,110.7161858511167,111.56302087788733,1748330
2021-02-26,111.64452379235988,112.61149387644534,110.43530904221095,111.64484506156755,1328159
2021-03-01,111.31469033184692,112.19485546133211,110.31361517403425,111.26404290043992,975904
2021-03-02,110.09440670349188,110.65251264666013,109.28134573964105,110.00999927052939,1283190
2021-03-03,108.66662670732809,108.72645970406487,107.7831239995423,108.6435415793886,1765221
2021-03-04,109.13135544910683,109.81181013777663,108.31575852904413,109.1964137404084,1492531
2021-03-05,108.88429804954588,109.00068068142552,108.28751476607464,108.9386217968223,1022874
2021-03-08,108.27115981187812,108.5517985379431,107.43911910613843,108.40409983522865,990262
2021-03-09,108.46376781375042,109.05511378118861,107.7880886256377,108.39521594276565,1960587
2021-03-10,109.0550041283923,109.22767361162309,108.05032777660277,109.07038553531775,1336677
2021-03-11,109.10285580211747,109.61231793785205,107.83262650600848,109.21149509734201,1623185
2021-03-12,108.515608935647,109.49664413571251,107.26350683288116,108.62351197273819,1232772
2021-03-15,109.47880622803311,110.12203163349632,108.39075532246513,109.67793728166045,908141
2021-03-16,111.21874053132804,112.55035793310071,110.2316232897843,111.0556816926979,1294324
2021-03-17,111.4923618760466,112.72295585344419,110.46282407884839,111.47921552185826,1631812
2021-03-18,112.18871800689259,113.14639586481638,111.90291103302417,112.33410080345053,1200007
2021-03-19,113.57634346601023,114.89608832155062,112.75714159904392,113.43876248182676,1524344
2021-03-22,114.35560340134657,115.65152672067731,113.96004682057166,114.45181998077712,1325720
2021-03-23,114.7556129178953,115.47746646019104,114.69362282139396,114.99823054294123,1205055
2021-03-24,115.70966658487899,116.76498003267817,114.19049079190182,115.5326897480228,1106022
2021-03-25,115.90313885654156,116.23711751731749,114.6937755492369,115.99659098626954,1112883
2021-03-26,114.89498812115764,115.92803248511915,114.15879456542706,114.96550205495113,1106849
2021-03-29,115.601583542208,116.31223745708222,115.19879223739864,115.59444326991886,1662512
2021-03-30,114.52621989851633,114.60564363748257,113.36198345767156,114.33027109512837,1204799
2021-03-31,113.59217644102156,114.00720169650117,112.96400009661116,113.58876242441379,1689633
2021-04-01,114.55588750214282,116.08057031061499,113.44028274247155,114.76230767499638,1173272
2021-04-02,115.61322396159477,116.09094498010163,114.13339417892198,115.5189817849978,1192647
2021-04-05,116.79920897576272,117.18658799045548,116.27192478842169,116.88424045908891,1909082
2021-04-06,116.94322210863807,117.25389483319414,116.22692438947468,116.61298742710512,1851472
2021-04-07,115.52546499999755,116.2200782889321,115.11247317446254,115.52565903493016,1280844
2021-04-08,114.89986135697704,116.4611868484004,114.71906851339916,115.2863650343904,1122592
2021-04-09,115.42504036180192,116.48891530183342,114.7827466634654,115.36320021155484,1658751
2021-04-12,115.75547299784348,116.39488285811223,115.33797029771601,115.41880825825702,883837
2021-04-13,116.72816536850715,117.06671897210826,116.2414587652353,116.45288467308322,1347743
2021-04-14,116.41824549808983,116.53812676160172,115.67858414033928,116.09938649365597,1519841
2021-04-15,116.23128808475445,117.08688389875854,115.95949029256329,116.40935251911199,1610933
2021-04-16,115.6329738403828,116.7742616377544,114.44496054501471,115.4749776740417,928484
2021-04-19,115.74885750284349,116.90462704182394,115.55041128435954,115.87434847318328,803595
2021-04-20,115.8988290420746,116.50137648750308,114.6480795228115,115.85984983786959,1131996
2021-04-21,114.92980020465538,115.99476300924191,114.58008987861376,115.14967028333902,943091
2021-04-22,114.80430426857826,115.54936034857867,114.60353540878154,114.91539109797853,1408623
2021-04-23,114.61261046162828,115.55029682695951,114.54198314403281,114.72898811058076,1903404
2021-04-26,114.61840648096613,115.35784538847284,113.46544475010465,114.46412796111656,1143631
2021-04-27,116.21972365793579,117.18796364576332,115.67969821264683,116.08030208164683,1344450
2021-04-28,116.0196747132803,116.75508302170829,115.23402987848067,115.97151990615453,1057995
2021-04-29,115.4936774228141,117.0377979519713,115.28768468567272,115.72809998014016,852772
2021-04-30,113.73216995825908,114.40234106424349,112.38661567417206,113.78535996601644,1643822
2021-05-03,112.83091899674487,113.03449209041635,112.61180987086605,112.95733799436528,1107678
2021-05-04,112.84997521707574,113.21315980223235,112.11271061775757,112.70295267859704,1456399
2021-05-05,112.26751119925768,112.96996664441983,110.91581389038919,112.0694534005676,1619710
2021-05-06,113.47763666902691,114.23981787368585,112.92238776663369,113.29810693838547,1807713
2021-05-07,113.0035784632268,113.90696414508278,112.6001358524276,113.13173739077165,1022687
2021-05-10,113.81709672266635,115.28301253870352,112.70194589690082,114.28673516731011,1497487
2021-05-11,114.02300050612328,114.74427150103675,113.60756841536121,114.3260150750272,1892917
2021-05-12,114.58674576528557,115.5202143496986,114.28196923331129,114.34291630343125,1380136
2021-05-13,114.17581941234313,115.22667003706532,113.55687140637764,114.24458121609835,848734
2021-05-14,114.10228101575659,114.82831164504009,114.02878147104948,114.23091495579298,1113507
2021-05-17,116.08042725913623,116.67533302264805,114.52569244838602,115.79510921700889,1753692
2021-05-18,113.86475508120945,114.15597956806245,112.75342710996568,113.64907868791305,1750479
2021-05-19,111.83110590429835,112.41943311759667,111.02132886023222,111.82700486328083,1177392
2021-05-20,111.27643486423116,112.38840802722959,110.96282678293899,111.32542970201405,1036245
2021-05-21,111.29961094132103,112.54099688161003,110.34806814749258,111.3216695326575,1150125
2021-05-24,111.95930484833778,112.77958048362272,110.99351776898204,111.92116835963273,1090674
2021-05-25,112.59830501931786,113.04225299402711,112.1944381548817,112.32870815317592,1689161
2021-05-26,112.03810092281441,112.97320808339049,110.77696609911459,111.96714721439014,1809906
2021-05-27,112.9896588972126,114.00788570468943,112.05824899478523,112.86674209976914,855920
2021-05-28,113.98328119578804,114.47573991606272,112.68987049303901,113.78371534990166,1689431
2021-05-31,113.73439029975063,115.07423640030186,113.33364583011057,113.93428960611969,1702948
2021-06-01,114.92787849477935,115.08274404890477,114.57937016617166,114.79789366188689,1535448
2021-06-02,114.98047681829199,115.10304507480733,113.99415473092589,115.03130376013557,1845553
2021-06-03,114.06644744056592,114.71775048607938,112.9680273732301,114.49858143657899,846704
2021-06-04,114.75479195245892,115.3863931729251,114.18797378135541,115.12229158428886,1639702
2021-06-07,115.03098532385378,116.42900528360374,114.94212835478857,115.20692662530303,952709
2021-06-08,115.28266968876238,115.90373081341761,114.04934901169148,115.19088158073578,1876407
2021-06-09,116.55868796782643,116.98549260072403,116.20431921613587,116.53879487152395,1399948
2021-06-10,114.29053461004749,114.91163095788352,113.75632639203901,114.25893629427253,909036
2021-06-11,113.28399681921637,113.85502409360312,112.08092153161562,112.95344812900497,1695606
2021-06-14,111.65611635873749,112.31283744975478,111.4719419093312,111.86907417913457,1699062
2021-06-15,111.52312526802912,111.76034418496471,111.37502798766808,111.52771463697452,1356921
2021-06-16,111.33490327394148,112.23037299749802,111.19554815044663,111.28408503103056,1172507
2021-06-17,109.81230950932262,110.16138868455205,108.59983244409418,109.93372137479653,820751
2021-06-18,109.05898429608276,110.08603432510931,108.60931049465813,109.05435056389985,1889555
2021-06-21,108.02977084591791,108.5949709719342,107.1549915258439,108.28965779473327,1021123
2021-06-22,110.6565955951435,111.6426310710195,109.11165933070589,110.4230663434911,1811230
2021-06-23,111.89489990396444,113.10310767170401,110.97750896434566,112.00942078080149,1506520
2021-06-24,111.9644548795742,112.18180577823023,110.89445866507793,111.62432437318674,1622243
2021-06-25,111.27800364586753,111.45007984975885,110.55574494604153,111.28342442682475,1633060
2021-06-28,110.41848769116955,111.67947641183048,109.71547422319274,110.24847568341032,1829708
2021-06-29,108.55334242541277,109.19440036243377,107.75032276091414,108.56202242630097,840113
2021-06-30,108.43929102065123,109.28448673994063,107.18940880217193,108.44429201033599,1989420
2021-07-01,107.47167877660226,107.64846755339507,106.44398016182237,107.5659112477374,851998
2021-07-02,107.49600168475915,107.89429233104593,106.89872174114748,107.47679709718028,1998876
2021-07-05,106.14437766861026,106.81436873190594,105.63511551744945,106.09377114754469,1113572
2021-07-06,105.30916586515161,106.5604363220439,104.18650564561706,105.43319618699928,1815020
2021-07-07,105.52300366872306,105.9250288511319,105.30546409286751,105.54279997537976,900202
2021-07-08,105.73972679884271,106.83300266427156,104.6537554363604,105.83658296772667,1353108
2021-07-09,106.54096619651767,107.40559393946776,105.81017848194927,106.17471692409985,1450335
2021-07-12,105.02910402947991,105.23501084214085,104.11222765678045,105.04324244600795,1945189
2021-07-13,105.9931797646195,106.40377767992632,104.71475062170884,105.74807178386898,948442
2021-07-14,105.02668008296293,105.3974143604621,104.39804709579928,105.0575074746845,843777
2021-07-15,105.61597197834332,106.20626674915351,105.28866893746496,105.57491057399133,1577863
2021-07-16,105.34088668775098,106.37405214089213,104.26484753827943,105.55009183641823,859092
2021-07-19,104.30858930461267,104.95103283231549,103.81559082411324,104.37858651242409,1732670
2021-07-20,104.13214471992035,104.47704815037858,103.66332064505902,104.09926996162417,845992
2021-07-21,104.63666887626422,105.52635322756728,103.72387730613555,104.38832844303698,1964619
2021-07-22,104.92066723711076,105.67834318896556,104.3085051706161,104.88574299425801,1439251
2021-07-23,104.96921556140353,105.64858786433709,103.87658300198095,104.75179477445214,1938088
2021-07-26,106.12934178399564,106.85906860480216,105.8071383420859,106.02743948355955,951976
2021-07-27,107.13033070207167,107.45727719805801,106.28055472873511,106.86945146936802,1128038
2021-07-28,106.62480848484523,107.52197795619442,105.47810442985683,106.63425236889603,1345859
2021-07-29,107.64455839408149,108.17807239957224,107.16188249104547,107.25999547837625,835291
2021-07-30,108.83660706076726,109.42562148521799,108.20977450395569,108.91590811311984,923513
2021-08-02,110.49382333026486,110.86679710419949,109.59925234102549,110.6210034961255,1195294
2021-08-03,109.32436058337846,110.32964169936355,108.1536412628899,109.52315378990407,1684452
2021-08-04,109.07810120723721,109.88862138786813,107.90143643817852,108.6980345069588,1650176
2021-08-05,110.11568323929721,110.60167411658415,108.88272041451494,109.98049836067179,904170
2021-08-06,108.9823025701006,110.16965571984944,108.6487135487251,109.036949828564,871761
2021-08-09,108.14017109788057,109.24566274439563,107.44603916274228,107.93794568186475,1587235
2021-08-10,107.67828495526057,107.86716607566186,106.34810102006044,107.56732514194935,1231655
2021-08-11,108.29658237335185,109.21633890774666,106.8239868361032,107.97813420938643,1750547
2021-08-12,107.68767326641884,108.48111124990677,106.94285585706088,107.93827888436884,1157641
2021-08-13,107.38354344705596,108.71506679778423,106.74266601566057,107.42630343032707,1235397
2021-08-16,106.82236774777071,107.22660273128503,106.2148395660536,106.89653064470943,1063214
2021-08-17,106.02212001648314,106.73314748898856,105.89742940409946,106.33693306044889,1119802
2021-08-18,105.80690871582021,106.39775802421171,104.50196971734393,105.63889103075621,1647356
2021-08-19,107.58959858787817,108.0196815942471,106.52352345083855,107.63325407966775,1365481
2021-08-20,108.05804896680964,108.97199570159462,107.31798784513735,107.9382971676122,1590916
2021-08-23,109.1406286557078,109.7987950274605,108.35180011159123,108.75567078627684,894384
2021-08-24,108.32231578670832,108.70922844773106,107.84097615529527,108.37974247723629,1442592
2021-08-25,108.19894452458935,108.95194726149515,107.99159783024457,108.26734019446023,1350374
2021-08-26,107.71868811075274,108.87354655512799,106.751699557715,107.69951799992803,1892929
2021-08-27,105.64254915248257,106.65804343187037,104.75830208240328,105.48633749128629,1308177
2021-08-30,104.28806613486039,105.02774294724546,103.95515887951042,104.37679366762771,923766
2021-08-31,102.82469293945461,103.3150248839209,102.03658649152761,102.92210278098094,1636609
2021-09-01,101.29212573258346,101.55231424305249,99.94232717101515,101.13175262694658,979627
2021-09-02,100.27125605278945,101.33427205630997,100.02317515300805,100.21433841878282,1890884
2021-09-03,101.01702997870514,102.2060117588929,100.43390133198984,101.32781173944325,1260139
2021-09-06,101.15112174246796,102.05484509799022,100.52572191246183,101.33738875019912,1741441
2021-09-07,102.66582177115738,103.75546530918285,102.18744737921072,102.43515278354447,1587058
2021-09-08,102.88074624082626,103.07616187106271,102.13879941814307,102.81875759076613,1357846
2021-09-09,103.39269647363552,104.37521505552942,102.62048346362434,103.51104001390958,1500895
2021-09-10,102.78767477978028,103.12159456947104,102.55029053061921,102.81395551615799,1019260
2021-09-13,103.29433768053225,103.48921696882554,103.05685013626223,103.29228681122706,888851
2021-09-14,104.05768521324072,104.66689070916676,102.8673707876069,103.9429737432163,1719555
2021-09-15,103.30024704154047,104.02403976464596,102.87868332798276,103.51114013043939,1950109
2021-09-16,103.89111131038831,105.20022400308974,103.08607633981725,104.02232754050983,1834302
2021-09-17,104.58440156515779,105.02635064662884,103.73580353661274,104.54159871866847,1166077
2021-09-20,104.11425293007578,105.15775143553208,103.05744484250316,104.12984656939975,1229632
2021-09-21,103.33373735737821,104.27526379087077,102.31506088686238,103.24517480546504,1230767
2021-09-22,102.1290803792071,103.15485558846866,101.09077191045941,102.31778108229024,1643067
2021-09-23,102.48957282758944,103.6256293039991,101.64697950207774,102.43469927475508,1548355
2021-09-24,102.91749323263292,103.45175161108841,102.16679353943974,102.74925412856793,1755773
2021-09-27,102.22040843216708,102.72959063591544,101.63243229703059,102.1458187135718,1934198
2021-09-28,102.2348600704528,102.4752035297664,101.71689198539929,102.21353141717886,1270858
2021-09-29,102.71257268264324,103.10448668397817,102.16701273429445,102.72734748488159,1595225
2021-09-30,103.15377446720736,104.37971465659722,102.94880209949203,103.2831135067668,1400503
2021-10-01,104.6091401342801,105.24349491031033,104.04681147681418,104.62043892079419,1945727
2021-10-04,105.942082765382,106.41093614875001,105.21582628292165,105.74227651844123,1224809
2021-10-05,104.92710697709292,105.25913793388331,104.83292712052763,104.94584429777389,1025109
2021-10-06,106.2747307467363,107.06346508983664,105.88533974152472,106.41676584090449,1254606
2021-10-07,105.93510427305011,106.94011350311686,104.9661232675271,106.0133814406266,1542571
2021-10-08,106.98359861295019,107.38981087489255,106.18706224325017,106.95137678921691,1944036
2021-10-11,106.99774651709264,108.04412992520747,105.95227943094955,107.05772785688403,1794654
2021-10-12,106.83105877247408,107.65820459178228,106.0337321743882,106.75334714770095,822030
2021-10-13,105.35055306449944,106.35738508370089,104.18142261162289,105.26799499291654,1410829
2021-10-14,105.31117113385729,105.66769796837838,104.15552705729799,105.17092835429551,990948
2021-10-15,104.13570584080801,104.94346814818613,103.74440675800753,103.91381459820232,1234608
2021-10-18,104.92469655214006,105.16266111723797,103.53868024484,104.7681950704935,1932735
2021-10-19,105.94628744995565,106.59187784391182,105.87534627787221,106.09496454053038,1981710
2021-10-20,105.32523890169607,106.39947901318817,104.54966202954382,105.46818010230628,984412
2021-10-21,105.75883909794045,106.59208540129285,104.74208606062486,105.77086071936515,969184
2021-10-22,105.13496846142155,105.4860584222762,104.68112365804465,105.20616810714085,1635574
2021-10-25,104.5468298362348,105.811751328724,103.77490281778208,104.72564784214032,1293115
2021-10-26,105.35412064095559,105.5413614082444,104.86270592141544,105.42396799331328,1319398
2021-10-27,105.3638587977957,106.2133536924995,105.237730650218,105.43890698540255,1848048
2021-10-28,106.85690564955785,108.22837575207072,106.79307922164278,106.96470163910354,1904716
2021-10-29,106.5503062235629,107.3056782914653,106.38079391934176,106.60080134198215,1880576
2021-11-01,107.69485758291471,108.74032974434976,107.32940712441753,107.50482385628457,1739576
2021-11-02,107.66922968115396,108.46001508039225,106.8270676775898,107.6370615851799,1976458
2021-11-03,108.77506302474796,109.8090260855718,107.66367763804931,108.3732460649107,1663833
2021-11-04,108.06249523439725,108.93124557048102,107.41497852896893,108.03486399136817,1861817
2021-11-05,107.99363883584218,108.95337652689544,107.0803261601261,108.04064717675219,1448454
2021-11-08,107.99011847491542,108.32702909590371,107.91455826828017,107.98944901333431,861148
2021-11-09,107.35914776506873,108.32870184131944,106.92976386148833,107.31785851029127,1779750
2021-11-10,108.00682194540134,108.35632810020608,106.91743142119061,107.93635235867126,1915719
2021-11-11,108.88626974243623,110.16866288478138,107.35793330771743,108.54813503030876,1174778
2021-11-12,108.9755306662749,109.454271480261,108.37171132430922,109.11388496623766,1313800
2021-11-15,110.65592561238452,111.01244418139176,110.35470610634006,110.51352130510578,1486535
2021-11-16,111.88753488517747,113.04833906793573,110.76934294069146,111.85267869391238,1581943
2021-11-17,111.30494104584915,111.93540928059235,110.1162643820803,111.56786708202313,1609701
2021-11-18,112.08111812661481,112.60233815491762,111.36315607927575,111.95169657231223,1273131
2021-11-19,111.65662592780349,112.63008879598955,111.07711106488453,111.44472099670952,1825297
2021-11-22,111.37233337764678,111.77505825569887,111.26032909709424,111.51571633869057,1776401
2021-11-23,111.03041115890848,111.29052847374253,110.22017201277356,111.03189907538568,1930721
2021-11-24,112.23969466582469,113.21659290043812,111.00915486971721,112.5309282407966,1491103
2021-11-25,112.6964242108087,113.28250670686064,111.76152709905143,112.90962125169692,892950
2021-11-26,112.94085377190147,113.30340142183867,112.29580059801418,112.76358441428502,1814653
2021-11-29,113.81707253314471,113.96580716015724,112.91868982595926,113.89675752468007,895389
2021-11-30,111.80014860336405,112.51947925014115,110.67445675565256,111.98640489170887,1032525
2021-12-01,110.28399258808619,110.74276091515718,109.58765251227116,110.24604694091944,1142209
2021-12-02,110.91314767727,111.09539995216643,109.81210092214384,111.00012944854156,1021979
2021-12-03,111.0253588261856,111.95312175721492,110.46945915326013,111.10382395605589,1668489
2021-12-06,111.50027531234959,112.35955604117753,110.87469384479066,111.37675970668985,1328452
2021-12-07,110.05864901205658,110.39566417432965,109.26574587118428,110.25077201159779,1063193
2021-12-08,110.1301310558638,110.7371144501995,109.48654226540928,110.27989642869083,805701
2021-12-09,112.13806278255602,113.31969111170172,110.79631497250726,112.11215142343936,1059670
2021-12-10,113.06878809599783,113.88230912611769,112.17767794050636,112.90461184178776,1631423
2021-12-13,113.31895910873038,113.9124908776824,112.551320889031,113.10888870511991,1753152
2021-12-14,112.65053879777084,113.4225443585177,112.08258454951041,112.76303036021767,1155264
2021-12-15,112.61636418222452,112.94241332492605,111.69337724353035,112.45824053559694,887892
2021-12-16,110.47855930142329,111.69667594554686,109.97240305943699,110.60865869238037,1468759
2021-12-17,111.19051336223477,112.4148381216837,109.90946746422613,110.8867597066979,1739475
2021-12-20,111.49962841802301,112.91510311733424,110.95577519141462,111.68957402232498,884004
2021-12-21,110.56008660910962,110.90008601842715,109.79759397877669,110.34020966333553,1754649
2021-12-22,109.69917629381352,110.2546082510433,108.86598994726916,109.80730675077712,1004773
2021-12-23,109.17287934716887,109.42912577121139,108.71359947903441,108.84418409553585,1109486
2021-12-24,108.15129583983668,108.58744979564331,107.1870562378542,108.05545269626941,1547431
2021-12-27,107.98552733186978,108.61834602946678,107.30444311988886,108.15035114851206,861647
2021-12-28,106.32639033344651,107.23769125065283,105.7192878765026,106.40974723034964,1166795
2021-12-29,107.1074387701237,107.39458667880464,106.04369656159056,106.98208018461975,966664
2021-12-30,107.84768498360114,109.04188936964513,106.68488376687905,107.6776655432971,1057666
2021-12-31,107.49854218088619,107.69116961058903,106.39861710489761,107.50994612507094,1728081
2022-01-03,105.45187444890526,105.5129413264243,104.93759655882043,105.4448109729134,1074615
2022-01-04,104.7737466402179,105.85625526296988,104.20877211978554,104.65469882786304,852199
2022-01-05,105.76051460444823,106.66935201762318,104.81809639184259,105.73961013301583,1057783
2022-01-06,103.26138245853276,103.93666897138625,102.51885506543026,103.46212560186801,904105
2022-01-07,103.09544576279086,103.97981585751357,102.2948356262797,103.22132014088628,1547421
2022-01-10,102.33359682297235,102.64783844808935,101.59284071234202,102.29751854285583,1967408
2022-01-11,103.19222819028687,103.44365408943281,102.03763163570811,103.00442808355142,1001229
2022-01-12,102.74416951038532,103.3522316011022,102.22047337059239,102.49572258102124,1674630
2022-01-13,102.99405931325472,103.46388319816586,102.16489841132784,102.87376961819015,1235247
2022-01-14,103.43125877512851,104.21476561799231,103.1470376882888,103.38670570708305,886190
2022-01-17,105.0817669034257,105.39792805714288,104.41979986222272,104.96386929913923,1625464
2022-01-18,104.73590871470185,105.69245432372959,103.88378480086554,104.84076271621791,1051880
2022-01-19,105.1797862129445,106.1843530053585,104.53079290681123,105.20396697026726,1416405
2022-01-20,103.87971090290723,104.2596023855229,103.37430466791277,104.00828553798578,1408526
2022-01-21,104.85401010406756,105.15629206741798,103.7344675841079,105.05078218607345,1516737
2022-01-24,104.51284690321604,105.09344239930539,103.47995954322508,104.46058281698572,961932
2022-01-25,104.06877724834875,105.04715664915798,103.35812135701288,104.03982609011703,1101088
2022-01-26,104.175474670547,105.00720833806729,102.8790885996628,104.06813060769112,1684815
2022-01-27,102.90554660988178,103.78761588727632,102.26811935789709,102.82131870196511,1919257
2022-01-28,103.0935442126984,103.6226875408493,102.07052703877055,103.05603527782013,814069
2022-01-31,103.990253556553,104.32321722179404,103.65088479512069,103.90350192536214,1296655
2022-02-01,104.18748809010144,104.88345103166083,103.79297034254658,104.19415908407923,1857673
2022-02-02,102.98816078232757,103.28169820237044,102.47278516467897,102.92441587381869,1144356
2022-02-03,102.75675648846898,103.77935947998124,102.58032944107826,102.86880289662062,1337138
2022-02-04,103.58526131713737,103.87168639862558,102.87865121266786,103.52784902825573,1885191
2022-02-07,102.1322828112257,102.52544384941012,101.7533824157963,102.02998484177914,1962757
2022-02-08,101.10034960150458,101.84213878275091,100.31246065264325,101.20200926063274,1586347
2022-02-09,101.9679659832077,102.58968141929628,101.68616777951627,101.96003877897274,1632964
2022-02-10,102.13095698290891,102.98405533531162,101.93483266347994,102.22658011077077,1536735
2022-02-11,102.529178248111,103.17771307984748,101.33527750192046,102.61021569665387,1140353
2022-02-14,104.01911030037307,105.34877690121954,103.17970067901824,104.19492820045124,1864081
2022-02-15,104.83196541369203,105.89697872839447,103.45417000566265,104.63330209849155,840888
2022-02-16,105.40101143541051,106.5192955807866,104.58732649392216,105.23279389289148,870248
2022-02-17,107.6749289388299,108.50827265235364,107.49307485795259,107.5881966300535,1522156
2022-02-18,107.77055056358569,108.61144009496986,106.68919387533789,107.45267397064002,1805215
2022-02-21,106.78671608323785,107.6187837879091,106.04766847952088,106.8170380804032,1777086
2022-02-22,107.71912574454298,108.31170672793124,107.1593921249068,107.23147521015446,1613437
2022-02-23,107.62041857511959,108.10977561606339,106.50070522873233,107.65716133158574,1251554
2022-02-24,107.29378641773752,108.07789297163956,106.4344289659234,107.25273114181991,1231991
2022-02-25,106.3549411278664,106.50289287217436,105.39094542431188,106.41843748396712,1310785
2022-02-28,108.51256083446432,108.57612195426911,107.78174829743597,108.45199166166171,1107621
2022-03-01,108.92123291246264,110.04245512269961,107.95684946983958,108.7848795085941,1302968
2022-03-02,108.17963986659605,108.30999168102495,107.80524054291429,108.19812817734164,925767
2022-03-03,109.33352182993193,110.04803216413694,107.76730638998363,109.0429137663177,1183844
2022-03-04,109.03588054947716,109.86153941074613,108.43999471137842,108.99678079624499,1929289
2022-03-07,108.86961156818373,109.17215685908715,108.56789470258259,108.8254580241353,1648316
2022-03-08,109.21616159011343,110.54652474078928,109.09132453457968,109.36528077223615,970294
2022-03-09,108.35750292845479,108.648562166074,107.44313587341941,108.28952432988146,1143530
2022-03-10,108.62247928571793,109.80376499081612,107.3397707346594,108.64432123036477,1111326
2022-03-11,110.26872058296252,111.39302598861099,109.0776379223373,110.36941717961118,1138007
2022-03-14,110.70257583440684,111.19392092152468,109.75338952904238,110.83166275902421,1629328
2022-03-15,110.99136855075112,111.23927420016079,109.23370302714277,110.54833008074662,1874011
2022-03-16,110.10678475461367,110.60597410381406,109.13646595980931,110.15031790891716,1652182
2022-03-17,109.59868429444292,110.39632325932585,109.11629796943835,109.8387344465314,1386111
2022-03-18,109.55028385666348,110.0299433825139,108.73807711766523,109.66513968753509,992922
2022-03-21,109.37493289710137,110.69460029095767,109.21991401220603,109.38339389504799,971467
2022-03-22,110.32816491898049,110.6747058909467,109.9016164937478,110.23776988716078,1776957
2022-03-23,108.85924890274735,109.95353478604362,108.19207156142188,108.76873213135893,1613150
2022-03-24,109.68189494799785,109.93743775971035,109.26159991753221,109.57068926379176,1412344
2022-03-25,109.18182964073276,110.57416425911448,107.93003139423519,109.287542437925,1492630
2022-03-28,109.72294704856779,110.06237715451323,108.35649338689622,109.66694445375684,1818148
2022-03-29,108.58867697226863,109.31321054570151,108.0711690644962,108.73155994046866,1776577
2022-03-30,109.840712007819,110.70408824117867,108.8899161585311,109.94290002762048,904742
2022-03-31,110.9410199447673,111.30316946012383,110.36530667601579,111.09394781414987,1274128
2022-04-01,111.80080603087303,113.10852493162476,111.56553735061792,112.00045617160943,851395
2022-04-04,110.87793899032778,111.28362846576522,110.21694496650042,110.70122504913952,1261755
2022-04-05,111.60325978559639,112.36401499797908,111.13314878910813,111.48810176849983,1564388
2022-04-06,112.0640565519591,112.82842181634564,111.42198510540327,111.9001230892827,1050083
2022-04-07,110.52851181987752,111.34977928212037,110.19344018786589,110.52199438218409,980028
2022-04-08,110.67906415598083,110.80502676427507,110.35214712233807,110.55024972833019,1389117
2022-04-11,110.62996813361548,111.19357352691202,110.29803099711405,110.92301944192651,1429938
2022-04-12,111.61202983196635,111.87473227127954,110.2509156534633,111.46772023496669,1656921
2022-04-13,111.70581678209939,112.14968984088618,111.51086049237536,111.67614669192285,816930
2022-04-14,112.09236387485905,112.33521341641007,111.51279007248105,111.98702167028674,1097579
2022-04-15,113.4306628578527,114.68998087424109,112.62041210466457,113.3660402529272,1735915
2022-04-18,114.3653866798522,115.26787168548317,113.84194825093476,114.53496517147299,1618374
2022-04-19,111.73657827221292,112.84729693332497,111.01560005767827,111.98822248971032,1879436
2022-04-20,111.63510360628928,112.26977904318245,111.52354322087332,111.75446645643407,1777723
2022-04-21,111.75221003151329,112.16310397942104,110.76896144196702,111.65759407479597,1806659
2022-04-22,110.26701196058912,110.96020966162475,109.38411996825562,110.15298851299602,1412774
2022-04-25,110.05933695022476,110.71406168901218,109.14242028113712,110.28563352124709,1950023
2022-04-26,111.27904858485408,111.93919011622401,110.49748409501451,111.44305364901975,1299129
2022-04-27,110.40834784727599,111.15899922795084,109.79713924625412,110.52825481455596,1883714
2022-04-28,110.81656804138566,111.57627870178707,110.31494269083888,110.87599287135824,1270218
2022-04-29,109.8911841821352,111.41769008240932,109.55008143146756,110.11615989274353,1332821
2022-05-02,109.34140634959387,109.91133813892907,108.65793739844965,109.57513862871188,1622784
2022-05-03,110.79106686679027,111.60577384556593,110.70247797493278,110.9278134554668,1278017
2022-05-04,110.51138754467759,110.75665486097957,110.02474174915817,110.49709134764694,976520
2022-05-05,110.75986024126915,111.45842841609036,109.84104834543722,110.95635190279336,1875420
2022-05-06,109.33793777180287,110.31370547146328,109.1465694883374,109.35693364693697,1343512
2022-05-09,111.22467596917974,111.50344000436391,110.91251033839374,111.04835015350541,1912326
2022-05-10,111.41726911448458,112.43741548631131,110.52592494939809,111.6352558856239,1278938
2022-05-11,111.48802629832828,112.11274562142545,110.92229042160653,111.52256133796124,1967403
2022-05-12,112.25995866063266,112.38267729147265,110.9980619414456,112.0876647767571,1523484
2022-05-13,110.81089850485576,112.12569332163419,109.56105351622739,110.88046519540586,1721980
2022-05-16,111.88841744458159,112.57342170274555,110.6010332051756,111.98478085650379,1706641
2022-05-17,111.94020235839055,113.00533075259986,111.14239077037854,111.74517978496745,1042386
2022-05-18,111.56184869147096,112.20327900980536,111.16694617842974,111.61311294230609,1778583
2022-05-19,111.40928465991941,112.66594169554973,110.39093062246272,111.22501344887034,1933944
2022-05-20,110.83064633597793,111.25628133056702,109.9038487695496,110.75937842584676,1593358
2022-05-23,111.36944990194698,112.01070189013261,110.5166977254256,111.42675300163356,1936569
2022-05-24,111.78573773556695,112.81717789222778,111.23614848925945,111.70536172920926,1815304
2022-05-25,112.39385329705661,112.89425030259686,112.20132309318227,112.33985441945524,1599357
2022-05-26,112.55460556061287,113.08249862753772,112.05491022285122,112.3825114975594,1372647
2022-05-27,112.80279029584037,114.24367574856632,112.5460710635893,112.89564903392856,1828736
2022-05-30,112.57559476173768,113.35119186952883,112.3519588070263,112.56863699557734,1022596
2022-05-31,114.63563638790704,115.61243919348101,113.35719017286783,114.64621519767002,1473411
2022-06-01,113.38773386121827,114.28347606054236,113.19342582187272,113.26809758059059,1778871
2022-06-02,114.29194545403955,115.61506887840348,113.4437433244178,114.467970727069,1932952
2022-06-03,115.9562094460681,117.16342822576371,114.46017338355216,115.7795916650016,1120541
2022-06-06,115.12520669909837,115.92848655721248,114.51085584219891,115.0447336949854,912723
2022-06-07,116.93613008137312,117.62305812436897,116.16883869303962,117.1675814701556,1200032
2022-06-08,118.37172755109002,118.46195081884704,117.15306134010687,118.15757943492007,1836756
2022-06-09,119.53196219159771,120.43629767372458,118.63863454823525,119.13273177396857,1428595
2022-06-10,119.39222302361839,120.5852965640936,118.49863175474482,119.2130754607019,866604
2022-06-13,119.31449503135869,119.9923454668151,117.88135497628069,119.05965056972722,943235
2022-06-14,118.92908737395257,119.2138179538344,117.83512181557049,118.91385961322226,1206928
2022-06-15,119.04222221881518,119.79468270859498,117.87594554100636,119.33964733556704,1211280
2022-06-16,120.40524361449916,121.50771996829239,118.97791026397428,120.7392301398378,962390
2022-06-17,121.01520039349306,122.24009616556043,120.39325214176789,120.96891489640869,1392973
2022-06-20,120.03744061400417,120.44150085124562,118.94611427795638,120.1441247776166,1374962
2022-06-21,120.82759225654817,121.90583718218558,119.92959886965801,120.9935790423813,1039169
2022-06-22,121.93188387776792,123.06081833218582,120.93619362253345,121.94336119008793,1078695
2022-06-23,122.75210466843136,124.13485145745939,121.53406433454349,122.63886264908115,1597309
2022-06-24,123.15902885339085,123.65536105958681,122.03558325865922,123.42799528082978,1942486
2022-06-27,123.13323538402896,124.59049121672624,121.81742510781557,123.21619887522561,1995798
2022-06-28,122.63602948998273,123.54560579410834,121.80619071311132,122.35891029277832,1471185
2022-06-29,121.37061901115618,122.69934311956781,120.39782917955975,121.56669789766303,846197
2022-06-30,120.197130792589,120.33156036467777,119.5935692448817,120.0405209136224,1877276
2022-07-01,120.23493113784177,121.08293946094236,119.3527025081336,120.3224171031525,1940625
2022-07-04,120.39472436942957,121.3169770035589,119.19691008719346,120.29623896458914,1133670
2022-07-05,120.12490724729594,120.60884114630274,118.77662179297491,119.92750761782696,1280429
2022-07-06,117.30810051583232,117.94906932508589,116.55308236790972,117.17780785714267,831173
2022-07-07,116.22486163186707,117.02384113955326,115.3295215063713,116.06657706731181,1761444
2022-07-08,116.96231722883593,117.96778860649732,116.45478576992882,117.16470640619745,1730786
2022-07-11,116.79062242995647,116.90524162766496,116.31089958381455,116.59585027931251,824753
2022-07-12,116.83568651883607,117.63505653619131,116.42723478189023,116.98531537824068,1642853
2022-07-13,115.78814334017731,116.13074989413929,114.47111573718311,115.74308309396895,1294258
2022-07-14,117.18101453803932,118.47492652693713,116.66087150184453,117.13563978953363,1454589
2022-07-15,117.13859140171137,118.51270554840488,115.68274938311096,117.05341352447125,1062002
2022-07-18,117.43746591902455,117.90086703203207,116.99349097367553,117.37813889773687,1778411
2022-07-19,119.4849475265933,119.93721453496482,118.4316497769548,119.6363730746857,1285287
2022-07-20,120.90578246647328,121.51748629280068,120.04736496739208,121.15108932764456,1808101
2022-07-21,121.06693584705555,121.79262933394949,119.87930644886406,120.90872399839176,977925
2022-07-22,120.42400202289282,121.6952958603256,119.43869434267862,120.39044296223503,1505483
2022-07-25,120.33847207879212,121.09063764686259,119.094911429163,120.13135777803778,1172185
2022-07-26,120.66859172798031,120.81389950808891,119.35163993071777,120.67668906156501,1959113
2022-07-27,120.37516179283193,120.74506357644397,119.53495529676628,120.6294180314324,1468263
2022-07-28,120.4770619378559,120.8523474887838,120.14870101437701,120.30271989526138,1663654
2022-07-29,121.71021978680184,123.01901843039946,121.27029911067898,121.77787420507069,903426
2022-08-01,121.78386515524839,122.71514958860391,120.66919838277346,121.72142143478905,1612250
2022-08-02,123.91676058151405,124.90226168848662,123.15072473630428,124.03722418693745,921293
2022-08-03,124.48946227796452,125.0083530693353,123.33768816394904,124.18317037881033,1233706
2022-08-04,125.86054280641888,127.43627915600918,124.93412422568423,126.02624807039231,1066974
2022-08-05,126.37990452576757,126.98869328561715,125.76061308713632,126.44390342863079,802710
2022-08-08,127.4996479362079,128.78763162476085,126.28082386582663,127.4791017400534,1503545
2022-08-09,126.59157228971242,128.16910322202898,125.47495219013999,126.79930422846029,1089131
2022-08-10,126.05535520318806,126.81904299868026,124.8949326437534,125.99289053700953,1415096
2022-08-11,126.81991348347499,128.18758084974135,125.41004976152071,126.51401957293078,1716704
2022-08-12,127.48205258280306,128.0458017292105,126.11300790229099,127.5759093170072,1013789
2022-08-15,127.75011704524212,128.78131399727098,126.73641629099835,127.67444258649923,1651845
2022-08-16,125.90274944202527,126.61524255377019,124.4395920058097,126.42414195634176,1156436
2022-08-17,125.10482645815799,125.85657987790873,124.87079087382752,125.11213223107605,1197226
2022-08-18,123.68940538924467,124.118670556358,122.7286444410292,123.74751269562255,1492394
2022-08-19,121.91496874265542,122.21396949381598,120.84886436774086,122.06483340287373,1550699
2022-08-22,122.42505773561552,122.49151536321055,121.4948861859802,122.22678441550453,1586475
2022-08-23,123.32696418117173,123.90984783595212,122.85654624751834,123.38734569405926,1034344
2022-08-24,123.39677556607674,124.32815313247816,122.55453942508473,123.4296345381328,1495536
2022-08-25,121.20362293334419,121.96775182037393,120.63462060833821,121.27223746916884,1116353
2022-08-26,120.79349876991449,121.62278359020979,119.47021483088689,121.1418085820511,1132304
2022-08-29,120.83307120567036,122.4788063180217,120.27686295569089,121.03859227343968,1936889
2022-08-30,123.31820301881426,124.71225832597061,122.83028632330397,123.14067846289359,921105
2022-08-31,121.38294477557713,122.00517352682769,120.51766947473496,121.76833253357519,1295816
2022-09-01,121.30339097746908,122.0834445917051,120.69033397441181,121.44298641435782,1327155
2022-09-02,123.09322148577931,124.14769416407057,122.8959241418889,123.16707000801428,1093985
2022-09-05,123.99032913473346,125.09820060143574,122.80175186671245,123.66688670286099,1742436
2022-09-06,124.42464845166579,125.01109663152818,123.45051380055234,124.2813637654091,1384529
2022-09-07,124.34732125776387,125.58162915179261,124.03747676875139,124.45133217927804,1663286
2022-09-08,125.08070139733366,125.32182261100591,123.91602630064688,124.8364251575582,1264419
2022-09-09,125.53238420322974,126.21435813329884,124.6505658772227,125.67197733434435,1876126
2022-09-12,125.10604937058488,126.19934882422388,123.74318089792591,124.91696883747947,1675434
2022-09-13,125.59762440222592,126.82264695724359,125.01258386122439,125.85415492337127,1199825
2022-09-14,124.73585033822577,125.99916473611498,124.1168322164968,124.53536250850534,1954539
2022-09-15,124.84304014829611,125.04891391664073,123.41495702902404,124.91914094744925,1838068
2022-09-16,124.96111834066986,125.4677752252391,124.09213853478737,125.15420078008074,1510084
2022-09-19,124.55413866421429,124.72650338956979,124.45298706155687,124.59472108607459,819738
2022-09-20,124.68002882944519,125.01782612456618,123.3896036334112,124.62818147830201,1509376
2022-09-21,123.97278143964091,124.13299568493336,123.630279641969,124.06485277643273,1629013
2022-09-22,123.16333604350459,123.93907027398245,121.88714982048951,123.06108086770722,1237800
2022-09-23,122.66131651502748,123.57595621513082,121.60528011254331,122.7686765963693,972673
2022-09-26,121.85723119982698,122.84010183090635,120.32667654480255,121.74394132933331,1477557
2022-09-27,122.1946775331046,122.79666877405954,120.69664862208988,122.11367549103682,1761815
2022-09-28,121.03869701592176,121.11474931423842,120.59621316617373,121.04975909756558,1183194
2022-09-29,121.71536154542713,122.80078578164422,120.58168395397749,121.79599944523522,1347572
2022-09-30,120.73196971802676,120.86771440744808,120.2043527441179,120.7045322267276,801310
2022-10-03,120.3122393172959,121.57082083481882,119.28307680895941,120.21301782276836,1644627
2022-10-04,120.03776678786241,120.12905801332928,118.78523176001119,119.66767073466727,1839315
2022-10-05,121.16797461830167,121.96773946272042,120.86107891824963,120.99747337209408,1731621
2022-10-06,121.54990243218303,122.86161496822004,121.30429664572385,121.37221533864692,1315332
2022-10-07,121.78292825609337,122.64559347498134,121.08020155864072,121.221337885588,854121
2022-10-10,121.85496270283213,122.76848408369926,121.52069647685957,121.76072748360826,1390506
2022-10-11,119.866309138162,120.86581732430656,119.36443787160088,119.7792337954887,1928508
2022-10-12,119.91830589627877,120.14707425816228,118.48248042514432,119.79180304359448,900201
2022-10-13,121.59195154254525,122.78232789392744,120.80594763678893,121.776253687819,1056713
2022-10-14,121.87891752235318,123.2558392348514,120.70104858469915,121.96012497093183,1804532
2022-10-17,121.98863807718799,123.51011246552628,120.75160190552731,122.08132880220295,1481841
2022-10-18,122.79219175564897,123.47922610125053,121.57487462788589,122.67302460760344,1004404
2022-10-19,123.5784312277766,124.16225304738157,122.96042427582222,123.61072599390535,829112
2022-10-20,121.73114716786945,122.84657704376333,120.43598713970025,121.70591325552347,1292745
2022-10-21,120.32890022430108,121.14028453394867,119.04771194424968,120.13294154083518,1513903
2022-10-24,120.54524923275198,120.96221567491868,119.30030656295561,120.38937796197197,1808318
2022-10-25,119.72766228493326,120.05368762302794,118.42644950826288,119.75671304856597,1860547
2022-10-26,120.95311578871197,121.3723543505444,120.05992178933717,121.0747950672879,1349339
2022-10-27,121.03001399049974,121.72963233388742,120.02940569398145,120.82426089495266,1306979
2022-10-28,119.1604635749701,119.45317299170122,117.74437124268887,119.02229811470622,1917382
2022-10-31,117.59005327258771,117.95972436081529,116.91669618946185,117.87405728490874,1732259
2022-11-01,115.30715650569577,115.48812982614457,114.17333397092493,115.36134529521121,1051177
2022-11-02,115.22590275167468,116.51570374241633,115.06836971057493,115.19730234959246,1617526
2022-11-03,115.21003116710774,115.3643037841654,115.01634985746682,115.07559472777369,1658279
2022-11-04,114.89374875997821,115.04788767895164,113.98267687608254,114.73711512997092,1080686
2022-11-07,115.83309940954969,116.4920353539896,115.62788470542546,115.78379183953655,1973598
2022-11-08,117.05456965656886,117.44303318421858,115.58002652874497,116.95190093959991,1156212
2022-11-09,116.85640114772347,118.20854414647437,116.77934542134658,116.84516003531644,1459536
2022-11-10,114.80221771253808,116.17975744873749,113.79669713810759,114.91837462365275,1392474
2022-11-11,115.49397564809249,116.13480765003196,115.11296979979355,115.53925508777529,1630620
2022-11-14,116.10926777456746,116.76649412214284,114.75601393040375,116.1059602896246,1881987
2022-11-15,116.4400254296249,117.00663179368229,115.87089814264199,116.4460828238548,1271871
2022-11-16,117.08472625740573,117.5266620095551,116.98944746057914,117.41682322801259,1261437
2022-11-17,116.31071269805919,116.8302292408456,116.21652878388488,116.38010142430954,1701604
2022-11-18,118.3286495476055,118.5547454113161,117.50655930009455,118.31867428006466,1942726
2022-11-21,117.41727554367566,117.66387532725928,116.02621103417596,117.46685301489865,1890648
2022-11-22,118.18245640128964,119.04788938884339,116.7917566775692,118.22622797076478,1703309
2022-11-23,116.77895950375144,116.96998604267554,116.1825824296186,116.6935413419462,1643666
2022-11-24,115.69290723898472,116.07556141154481,114.99283881750563,115.88045230927102,1722474
2022-11-25,117.0609776235247,118.05467325977821,116.86721340411445,117.34754776572409,1923114
2022-11-28,117.09439865858906,117.81004376254658,116.33269563238325,117.15558371120318,812767
2022-11-29,118.13378138702146,118.37983043032285,117.12575058401998,117.99853481659926,1506383
2022-11-30,118.5750367662154,118.64039103232179,117.87501779933193,118.27564213713677,840840
2022-12-01,118.36826922809381,118.69013694549702,117.33819316886584,118.2295632079726,1492564
2022-12-02,119.317041367801,119.96458798126733,118.02287305848388,119.58040472978378,1273666
2022-12-05,119.36632259164557,120.56654053376164,119.30532803201723,119.40794233252477,1165552
2022-12-06,117.817249404835,119.1164839568138,117.40296432727614,117.77191292186275,1869187
2022-12-07,117.10140198170853,117.7066242505327,116.7290646488259,117.07021603607204,1651552
2022-12-08,117.7356733555748,118.34293127752596,117.41408559884539,117.64050726380799,1480898
2022-12-09,117.90402878208158,119.09285251742264,117.61986074276666,118.06643783572603,1858343
2022-12-12,116.65938416374453,117.55878172294062,115.7500651427899,116.64802093978976,917480
2022-12-13,116.09938342245529,116.40328657875814,115.8311923021164,116.02623071202358,1575579
2022-12-14,115.68260320881217,115.88370872746782,114.50044688804377,115.53950678674289,987492
2022-12-15,115.11474996589776,115.89169061041802,113.88293467806315,115.25404338068886,1079647
2022-12-16,113.9846268084858,114.84146673035785,112.71304180170492,114.04367124292843,1022187
2022-12-19,113.06247182610734,113.7607356761026,112.1475678320161,113.52288962017943,1452930
2022-12-20,112.80864493878495,113.35117796234046,112.49615836792293,112.91390248279072,1554852
2022-12-21,113.5747190058526,114.12087137546897,113.40652499845996,113.66412974950846,1707124
2022-12-22,114.278710371161,114.8549055965029,113.916642622283,114.45375328178258,1328748
2022-12-23,114.40019044174934,115.0635690680078,113.049353846287,114.37177840752733,1927235
2022-12-26,114.05537958064521,114.97863833733085,112.73610444721206,114.06495170015134,1248291
2022-12-27,113.85695235033488,114.97046730601002,113.29995649222789,114.24410515202119,987915
2022-12-28,113.58801980423345,113.90796891193138,113.069105670045,113.55131298492407,843817
2022-12-29,112.40818086153129,112.75446268151366,111.692689110724,112.56492596711493,952996
2022-12-30,111.85313021774805,112.9662377978073,111.34088649382886,111.77170079620804,1334142
2023-01-02,111.04164066820019,111.92442914326998,109.73511159963815,111.25556028635492,1295532
2023-01-03,110.27939700609231,110.4133424297978,109.93875312822884,110.27443357503223,1825073
2023-01-04,110.42027316778888,110.85033766507544,109.89631341945311,110.46719355517864,950733
2023-01-05,111.21451021715147,112.29845003516199,110.55948565540217,111.16396920424494,1114794
2023-01-06,109.83140996077105,110.83580203052828,109.59803087477236,109.81087028589928,1976514
2023-01-09,109.84032662718312,111.04404831272899,109.30183601771512,109.88238369886199,834277
2023-01-10,109.48570585284014,110.55328876297096,108.35226567232769,109.7385883855186,1309165
2023-01-11,109.8444053116895,110.67879018463276,109.61217759559298,110.08834037131055,1037883
2023-01-12,110.03003934349594,110.72186859659749,109.23603480421518,110.1264914735251,1440332
2023-01-13,108.90091297167879,109.19967766170993,108.33720622598929,108.90226551885604,1968384
2023-01-16,107.75810327978033,108.71765517695934,107.4928920154619,107.85650852963815,1072505
2023-01-17,108.03167660506158,108.81256096783852,107.86118061123652,107.93045749051761,1244440
2023-01-18,108.82579969315147,109.11972765829351,108.42929855198474,108.87139845107852,1338951
2023-01-19,106.85313144203133,108.15142160353076,106.72372876856984,107.00802760446912,1758192
2023-01-20,107.30791769320838,107.86127027096828,106.78931597312776,107.35269927477422,1981632
2023-01-23,108.46476536360586,108.58103913690243,107.36354825899218,108.42803105758567,915843
2023-01-24,108.39691682557786,108.85984001432294,107.39324860041691,108.34411780320468,1386424
2023-01-25,109.1777910997629,110.3245238941961,107.63046347824044,108.87103946684353,1703118
2023-01-26,108.20046210713322,109.50541007826804,107.61502432302814,108.30913559574475,810588
2023-01-27,108.24252932310449,108.91909803027603,107.30734460155979,108.25446091245306,1767331
2023-01-30,106.97618600256297,108.20618848764045,106.03640015763237,106.90785200879702,1091033
2023-01-31,104.96504455348489,106.0777567064514,104.65056587007463,104.96873257099544,1422079
2023-02-01,105.73156091746087,106.86808556832672,105.30956523732908,105.81101729041251,1974145
2023-02-02,104.78368660276185,106.11864734482697,104.09284360398543,105.02775911705302,1562165
2023-02-03,104.61259123072125,105.20492422148315,103.6018704907684,104.692812290625,1986881
2023-02-06,103.41779801013766,104.53754227551792,102.81685306608384,103.58462660539769,1524161
2023-02-07,102.2034975420648,103.2004489196263,101.88472200566723,102.46888272835389,1052591
2023-02-08,102.25035191989514,103.27099425164582,101.03103125474283,102.37253541048659,1631146
2023-02-09,101.66264988902445,102.08166789622956,101.4766930152433,101.8225762538983,1538316
2023-02-10,102.26637356968851,103.17767229106734,101.0026085778096,102.1768993210934,1172857
2023-02-13,102.68614055580197,103.86829554594749,101.5878069130156,102.59363825801067,892289
2023-02-14,102.76409111858999,103.31323079288315,101.7213155773758,102.90360978114643,1577849
2023-02-15,103.10636341056112,104.36797023348507,102.11225802501355,103.14662596839557,1492929
2023-02-16,104.21253491186452,105.01080704377411,103.91094739729265,104.5038251111277,1728353
2023-02-17,103.58485579312864,103.9516451885114,102.77951489032482,103.66172198885437,951104
2023-02-20,103.66263576142146,103.84832577452143,102.64723603757439,103.60063359486298,1446495
2023-02-21,104.65734220192972,105.65441919013723,103.57936654389268,104.5279985421453,1782393
2023-02-22,105.46204652413682,106.30137412945687,105.07995734383412,105.57496640668074,1869494
2023-02-23,104.52995827024293,104.9514240944428,104.09573026782824,104.36529255986872,1927489
2023-02-24,103.85256027494177,104.86958651280226,103.40875525721164,104.08921103937541,1054349
2023-02-27,105.01362499868604,105.66494180979846,104.38163079050622,105.21052035361937,1007584
2023-02-28,105.7356232293458,106.33367599032009,104.87342416674667,105.62318810625663,1491209
2023-03-01,106.03758228310187,107.1425614837415,104.70150590969813,105.77244441720792,1355254
2023-03-02,105.650706627252,106.51534297545098,104.58610846664108,105.57256730457787,1081198
2023-03-03,105.2267594543492,106.20838824628692,104.35593109435075,105.23312748760713,922451
2023-03-06,105.11297189475812,106.22061555861382,104.74190976840862,105.46022876489194,972363
2023-03-07,104.91249574169122,106.4841051883358,104.28227318830952,105.23173415811686,1206968
2023-03-08,105.20053404976368,105.54519369762464,104.72179340393416,105.18011708439985,1687387
2023-03-09,105.17396962903865,105.60051534707422,104.83723685818201,105.23048829337655,878117
2023-03-10,104.47192434326676,104.80921570276462,104.40737932717433,104.64550536549764,926236
2023-03-13,105.0865007626681,105.80857367755863,104.61343611736271,105.0761718935762,1117455
2023-03-14,107.55713266946164,108.36957958458713,107.16805448519588,107.5385610770667,1848490
2023-03-15,106.15488630472412,107.09420398255222,105.25453517697576,106.00471749870526,1988268
2023-03-16,106.28568183424073,106.74883531317526,106.13464110135988,106.26390799558966,1328200
2023-03-17,105.79836582053035,105.86617762392693,105.22244853339367,105.6037811854059,853523
2023-03-20,106.07807598785557,106.90237049393524,105.96915206341167,106.07680401619695,814326
2023-03-21,106.08204882996509,107.3720176170654,105.24651416267952,106.10040446436201,1830761
2023-03-22,106.90342867555188,107.31899625198432,105.98225341804667,106.73303277436656,1333733
2023-03-23,107.56722587953084,108.00705844058882,107.09597168306443,107.7253301798267,892943
2023-03-24,108.33051764901253,108.73570845241078,107.6383889202057,107.87510442961342,1800112
2023-03-27,108.90144115827401,109.48866799923704,107.58676455228985,108.84017652302612,1434796
2023-03-28,106.86295652298908,107.22474092155429,106.03078170564245,106.8019465647213,1219709
2023-03-29,108.23849775552517,108.72449297156344,107.25457866353813,108.15331145290159,1342543
2023-03-30,108.76743905747709,109.62010807126761,107.74505248974654,108.46204197470757,1070082
2023-03-31,109.51495006009631,110.004243346733,108.31566547764483,109.38491752330268,1917865
2023-04-03,108.04561750472642,108.85382802720792,106.8778204322921,108.30637419492513,1745316
2023-04-04,107.79926527181092,107.90279132269997,107.04556968163848,107.57280240823131,1038859
2023-04-05,107.6272513242663,108.87288626743174,106.71938413005935,107.68231412309322,1681882
2023-04-06,107.6687918587499,108.22642883155495,107.31306411518531,107.65148875407185,1015618
2023-04-07,107.67235625456047,108.34040260220455,106.81137223449299,107.87936391176025,1343944
2023-04-10,108.88896735939369,109.05170935352716,108.24924950520483,108.8030887520745,1698456
2023-04-11,107.1565041779138,108.09720388741911,107.0945689622522,107.26130506256908,843646
2023-04-12,108.10021964432572,109.22813592301213,106.8422491271706,108.08397954466989,1670863
2023-04-13,108.02887249150527,108.18011366049956,106.89596530388224,108.07492846102558,1071138
2023-04-14,108.19421206513744,108.42906203279641,107.46793068443849,107.88269870100955,1639018
2023-04-17,106.92146259524483,107.15492379459864,105.32798142926652,106.60448583511226,1399001
2023-04-18,107.02578090955207,107.82057157223836,106.57451271572096,107.01831426795061,831352
2023-04-19,104.96564229289847,106.13014695534781,104.34927237075163,104.955570067146,1714265
2023-04-20,105.42649171600102,106.06937366009225,104.34170806442481,105.48558098840815,1111951
2023-04-21,104.3911663744733,104.85610105320177,103.80109635636528,104.21826728551235,1942783
2023-04-24,104.19577542380328,105.21745516607895,103.6038170017401,104.24720889145007,1807874
2023-04-25,104.0664388934202,105.07355917918713,103.2178548820332,104.13225109173676,1031401
2023-04-26,105.2496192075961,105.60091039870463,104.88512055699418,105.09535086705182,1521029
2023-04-27,104.84478573695274,105.17604314634899,104.2831291541031,104.92951092815971,1234439
2023-04-28,104.32688111172541,104.81426630582624,103.90350027304555,104.33278974383174,1522633
2023-05-01,103.64878186525264,104.87385247498193,102.79026890171323,103.89521780735194,1468403
2023-05-02,105.0537012989323,105.94594643968321,104.72628658002165,104.9428516845134,1155099
2023-05-03,105.68504302598514,106.54714948995871,105.04353051275515,105.37825526834663,1581683
2023-05-04,105.1515372374022,106.2070934195132,104.12608743858205,105.03790323602293,1112207
2023-05-05,105.05352636330055,105.4408585670789,104.58294361938607,104.82367961190666,1888815
2023-05-08,103.37077902953423,103.95820708091803,102.81741235113259,103.50213910102268,1935865
2023-05-09,103.8455290449828,103.9480145799571,102.90578860463322,103.80873025951254,999088
2023-05-10,102.19735599085108,103.41577158092724,101.24662559554731,102.3421435033407,1673306
2023-05-11,102.90890846669606,103.68506464411834,102.74516664935466,102.94407913821999,1915251
2023-05-12,103.15395071172414,103.55918134741492,101.97355880696483,103.03460395611506,952239
2023-05-15,105.02130414549104,105.15765226617756,104.07852355965508,105.00526659455545,1687556
2023-05-16,103.84903030326231,104.98736081480564,103.39189852684682,104.06954967587598,1925248
2023-05-17,103.76343389981132,104.91571957943174,102.80012190488847,103.96851633737616,1070120
2023-05-18,105.24074471126399,106.31988795606951,104.30668711685892,105.45922943717613,1498844
2023-05-19,106.53168491242258,106.83460575204128,105.66436505085967,106.45320985388747,1757413
2023-05-22,106.17375048213238,107.34187245759567,105.11334485112422,105.84606780070047,1200034
2023-05-23,106.23665388352472,107.2099215700092,105.07119981004237,106.01998218538886,1085384
2023-05-24,105.70429784055635,106.86062745035086,104.43674592953109,106.00577591379117,1276567
2023-05-25,106.45566150447802,107.3058009938874,105.46932692190408,106.22922181791006,1202466
2023-05-26,105.76962722364401,106.92252817063437,104.58615606980361,105.62127151959916,1670485
2023-05-29,105.28538147316446,106.70934855193057,104.33158564657563,105.5299947157934,1245114
2023-05-30,104.12643664770208,104.93947501526961,103.04958221677335,104.17381515146131,1251527
2023-05-31,104.44219141396755,104.99486797299964,103.07412461267896,104.27084484288108,1933408
2023-06-01,104.71760661124017,105.2079929600462,104.34657310139089,104.63121781837445,1494493
2023-06-02,104.22031044845524,105.46120219834532,103.96989136450546,104.425364540551,1915233
2023-06-05,103.16378676663015,103.98011783002742,102.32282741448,103.0693635586856,1652599
2023-06-06,103.53907183882926,104.01634448240561,102.95232697428992,103.87211189045225,1862247
2023-06-07,104.12502704876005,104.38223648603893,103.38955960310383,104.15984073226778,1034449
2023-06-08,103.71782687457268,104.84338702347925,102.53907094726712,103.5410889499502,1925820
2023-06-09,103.29627505385432,104.39862487728034,102.13501857117143,103.29342505156308,1933089
2023-06-12,101.96908542655841,103.21347665716078,101.42862051955734,102.04545689192801,848922
2023-06-13,101.33159106548277,101.8808372824858,100.31049267026044,101.1965928493651,1227407
2023-06-14,100.89432256864363,101.85450361241107,100.468634343329,100.74701756129498,1295950
2023-06-15,101.92661523332683,102.9483875383288,101.05050335520396,101.726716179297,1303249
2023-06-16,101.32514380418971,101.74366877149163,101.11645783752664,101.19242855360679,1734083
2023-06-19,101.86173909889854,102.08292001670387,101.05678938049797,101.69678059615667,1638217
2023-06-20,101.35587878706794,102.5686832816263,100.55900986482149,101.24457426475881,1055460
2023-06-21,101.47078364712367,101.5567822512344,100.5218096574754,101.43038463760539,1530542
2023-06-22,101.31411984817079,102.06074038096129,100.4932474445962,101.30051888598923,1969553
2023-06-23,101.95892472351463,102.80888465617012,101.48771518612912,101.99522376072274,1328143
2023-06-26,101.35987346027433,102.3914776048249,101.3025133647766,101.54453752672055,1913856
2023-06-27,100.11637653260327,100.6049122865713,99.93335503144691,100.2600458961824,1579690
2023-06-28,99.10090427162592,100.01511858109724,97.94239512673084,99.14284384824408,1909953
2023-06-29,98.74282768180281,99.03793000069996,97.61075525913276,98.70707812603044,1883393
2023-06-30,97.92217832296765,98.90472357916634,97.29684839354057,97.7110034558534,820009
2023-07-03,98.01133899001735,98.31348157015485,97.67057230322276,98.01748427870662,1760340
2023-07-04,97.78525621048233,98.61761598048838,97.09944468690759,97.63828964736786,1026909
2023-07-05,99.65699553072568,100.60465932244041,98.65673486498547,99.49591428366959,1789110
2023-07-06,98.07354276491054,98.36983227038458,97.62205942236565,98.10760280065625,1769618
2023-07-07,98.34046271247897,98.65877550893593,98.12765550341264,98.25281772906446,1110090
2023-07-10,97.32004171262679,98.27655907650119,96.82058128698968,97.35560494236061,879461
2023-07-11,97.14982111479655,97.29447604952347,96.61849602851132,96.9575345598322,1303284
2023-07-12,97.14529659943341,97.40698183476322,96.64154826753379,97.05273110063712,1163571
2023-07-13,95.07957356318937,95.79626356277996,94.85385386386515,95.24966332843742,1464582
2023-07-14,95.43909983011386,96.50774022854178,94.64533926060685,95.4159817802134,898423
2023-07-17,97.1045725649175,97.78057528159631,96.23003332202813,96.86510572671068,853028
2023-07-18,96.47365425106008,96.97836234651226,96.12490914457041,96.49988741270424,1324570
2023-07-19,96.75109518933077,97.88804222768296,96.02198569343176,96.6861634164851,1723750
2023-07-20,97.54737537204929,98.11633799953599,96.86656846051443,97.46756714864075,1177969
2023-07-21,97.17387557355836,97.85932598486181,96.23578707654785,97.32520988540819,1188156
2023-07-24,96.93359313289028,97.44093480083633,95.74610850088219,96.85939284007115,996824
2023-07-25,94.89884510051725,95.48662702508115,94.70879015347312,95.09767081520552,1139115
2023-07-26,95.48255171950733,95.97799118525003,94.46422982729545,95.57224016553283,1158529
2023-07-27,95.62548268283832,96.42970505910311,94.64988406496377,95.47143146548787,1111150
2023-07-28,94.73756320205095,94.82942163096878,93.88542848908992,94.68689298502771,1212416
2023-07-31,94.725339182704,95.55907646633331,94.27023504957323,94.76862159592405,1140055
2023-08-01,94.37614908029322,94.64170957050702,93.89282936508516,94.31298847056934,1616982
2023-08-02,93.89258013621992,94.36288637160146,93.83954452967463,93.90104422344083,1205617
2023-08-03,94.34522900649418,94.55139202963011,93.23063438532716,94.34344895755228,1705708
2023-08-04,93.41664295645951,94.05716696760892,92.62711183415867,93.3246968716008,1525789
2023-08-07,93.99312598234116,94.93206850657403,93.51124398144998,94.09578934489315,1568580
2023-08-08,93.04119131526305,93.46718404990386,92.40726131607958,93.03556223500908,1500278
2023-08-09,92.48640737204839,92.74990368305393,92.39705987083477,92.52974851832423,1907438
2023-08-10,93.72664651794784,94.24179550371349,93.49261239509141,93.9500979063744,1106854
2023-08-11,94.65616104018505,95.7262101563463,93.93027709906663,94.78703194394093,1978862
2023-08-14,95.06995464723549,95.4101111852497,94.23849689017965,94.84684549535127,1047709
2023-08-15,94.1760699493282,95.0621801085804,93.2227629026825,94.12175369974129,965875
2023-08-16,93.52396016259712,94.11378742620752,92.76870359342178,93.71001037277755,1791629
2023-08-17,93.53428142771152,94.00125050906425,92.84058346855386,93.75089583166253,1875151
2023-08-18,93.74920137956191,94.59611424506353,92.82337592892829,93.76497694782428,911268
2023-08-21,93.90216861331115,94.45508973276597,93.56239937518275,93.68278416177539,1519742
2023-08-22,93.6193976819159,93.72613736904623,92.82876331696966,93.64563130706912,1415387
2023-08-23,93.65439499866258,94.73510470111032,92.65520785206138,93.47114488173769,1064133
2023-08-24,92.43398414054481,92.6372616879979,92.04667973339717,92.38521434100188,1424673
2023-08-25,92.05548452450492,92.47564234696205,91.73748762870794,91.99045870583106,1622942
2023-08-28,92.46648585326213,93.108446376553,92.19284946102647,92.65212186236535,1488964
2023-08-29,91.75853218875261,92.32086920024726,91.37507076753262,91.62967480808503,1423709
2023-08-30,91.43114831629148,92.34912147189422,90.83469765954105,91.47710623662508,1862780
2023-08-31,90.98316649546501,91.03503037740413,90.67837250411237,90.86552846759439,1070636
2023-09-01,90.8218146865036,91.95344544061184,90.08781208835086,90.93286690241543,1548696
2023-09-04,90.6610639663706,91.37990455374405,90.4821488985574,90.63699313562822,1179883
2023-09-05,91.74926324476736,92.79818322045311,91.62663763857785,91.70084479239911,1968360
2023-09-06,92.03815141195022,92.97080814362461,91.65418317394045,92.059421739029,1101856
2023-09-07,91.13997079954808,92.15801698813017,90.83818855474125,91.08469898384166,1845623
2023-09-08,91.52480059548351,92.23999593267449,90.4384365741919,91.56138812447891,1558553
2023-09-11,90.89348960045838,91.40141000383761,90.53132835801817,90.9820687991173,1057688
2023-09-12,90.76754610025316,91.27525543368759,90.27296826161015,90.54948256588297,1710429
2023-09-13,90.90629174307661,91.63966657656586,90.51271566611047,90.76348182145027,1089419
2023-09-14,90.29039561161915,90.88256505390987,89.85706415704784,90.39356152283224,1114780
2023-09-15,91.1055015291898,91.91763756272493,90.34815601042654,91.0278851047826,1213728
2023-09-18,90.3512786881229,90.59281010967626,89.49363086093632,90.45204391869727,1618080
2023-09-19,89.8318535169826,90.89572484717823,89.41030614926932,89.99177132129307,1269817
2023-09-20,89.64583874384162,89.90116527463427,88.81795408955914,89.50703891099484,1482965
2023-09-21,88.86183406956144,90.10120767023945,88.32478079556299,89.0895602990936,1463594
2023-09-22,89.9878813877386,90.19384355387629,88.9432264016402,89.86294638283908,1035955
2023-09-25,90.26835054708101,90.48186845063259,89.63250205171805,90.30258276340194,1079015
2023-09-26,91.50359337934832,92.43300619597026,91.15279109148027,91.5326385074692,1168184
2023-09-27,93.25159895355715,94.17619517977825,92.39366320734833,93.19431922461078,1066814
2023-09-28,92.49572705722105,93.32779395186596,91.4974086137969,92.41515968569168,1902483
2023-09-29,92.33877035274224,93.5208435264457,91.79835146151166,92.45336766706204,1257667
2023-10-02,91.67234851207728,92.00339622229586,90.48835869200144,91.57376126175657,1285850
2023-10-03,91.00768699897381,91.91835182397872,90.02682097511133,90.99221324471631,1606427
2023-10-04,90.35057803325955,90.93285955526298,90.10076060936072,90.52112727691754,1745694
2023-10-05,89.72246564657834,90.34484019580353,88.86582313156957,89.74533380993032,1625750
2023-10-06,89.16429791878497,89.66579362645481,88.32051380973495,88.97993873551334,1461413
2023-10-09,89.08744335370767,89.13798045636537,88.27298542097581,88.86396007389057,1971340
2023-10-10,88.08465658302009,88.71061391924658,87.42593576956796,87.98997737119171,1879808
2023-10-11,88.41333608817276,89.37715615670182,87.50142076896421,88.57148181810216,1042898
2023-10-12,87.97507551365598,88.19566003136323,87.248852475086,87.9103813538214,992035
2023-10-13,90.00992402587708,91.01929913138346,89.29436637501519,89.89519156994938,1271430
2023-10-16,89.65521310894779,90.246901178506,89.4626236205801,89.55772397606187,1802446
2023-10-17,89.70138936368485,89.93011257087522,89.08918827025002,89.59589633906457,1957612
2023-10-18,88.70724234652306,89.41054858643575,87.6887841553197,88.6589325712501,1643151
2023-10-19,89.85406904793946,90.10710129887113,89.0736889393569,89.86382992309096,1628010
2023-10-20,90.57593514887563,90.77023341886394,90.47757233286329,90.65866582714251,1080435
2023-10-23,90.60196420056141,91.62215001303584,89.63561169179938,90.86063564198925,1510734
2023-10-24,89.91922512033196,90.07865111140569,88.97410385128217,89.87343796045771,1021184
2023-10-25,90.03665013037892,90.19164828267202,89.40063336869768,90.01152977876367,1447575
2023-10-26,89.26882623447364,90.07308042128832,89.12664826217431,89.19422741468486,1032500
2023-10-27,90.0492581719334,90.33268425091936,89.42180028925196,90.23028860212906,890612
2023-10-30,90.89052675680158,91.78237601338353,90.70026799726368,90.80267289762149,1960749
2023-10-31,91.1384075630339,92.01841366234957,90.47821447738782,90.85839854747267,1872048
2023-11-01,89.10174309555066,89.29117557749424,88.4023646105271,89.09125926413999,1622386
2023-11-02,88.37166612231688,88.95089659060847,87.39971031140912,88.37984107898423,1550606
2023-11-03,88.89531013554289,89.03853764995752,88.44409525714838,88.8541259341505,1087997
2023-11-06,89.98049533989871,90.68005491205089,88.77494247966544,89.70702298361948,1486000
2023-11-07,90.3540432437649,90.60372850401662,89.3546234720012,90.49299266785587,1697703
2023-11-08,89.3616016850855,90.37688618986992,89.26808512257305,89.33437163952419,1447400
2023-11-09,89.42931412902817,89.79537509101961,89.1383629978572,89.53671217371493,1138326
2023-11-10,90.17948939486185,91.00745695335283,89.39822692378694,90.25354306605702,1270297
2023-11-13,89.044102618885,89.22663317421963,88.22456785724037,89.05072669831613,1809162
2023-11-14,89.21167168960913,89.47130969511146,88.58544213928911,89.03173989101444,1105597
2023-11-15,89.45462529486977,89.96325722399592,88.4952074423507,89.21361596914895,1953682
2023-11-16,89.04568423393492,89.67707206348409,88.31492897546644,88.9858667581792,1706386
2023-11-17,87.61438616728464,88.71472768904931,86.82520728883105,87.66390681434349,1868285
2023-11-20,87.74955684550227,87.81959429672006,86.65645168591973,87.42267399954606,1411481
2023-11-21,87.12507204738922,87.22488970121843,86.99547226755624,87.18098397796898,1068485
2023-11-22,86.99012297597235,87.45904702319012,86.7883165834235,87.06471165151869,840727
2023-11-23,86.42940190526168,87.06836546327625,86.25426463283559,86.66012708999273,1441904
2023-11-24,86.52139577269425,87.44407103056663,85.37154135361234,86.34058672487886,1278913
